INSERT INTO status_type (name)VALUES ('荣誉');
INSERT INTO status_type (name)VALUES ('技能');
INSERT INTO status_type (name)VALUES ('心情');
INSERT INTO status_type (name)VALUES ('伤病');



INSERT INTO person_type (name)VALUES ('总经理');
INSERT INTO person_type (name)VALUES ('主教练');
INSERT INTO person_type (name)VALUES ('球员教练');
INSERT INTO person_type (name)VALUES ('身体教练');
INSERT INTO person_type (name)VALUES ('进攻教练');
INSERT INTO person_type (name)VALUES ('防守教练');
INSERT INTO person_type (name)VALUES ('战术教练');
INSERT INTO person_type (name)VALUES ('球探');
INSERT INTO person_type (name)VALUES ('队医');


##状态
INSERT INTO status (description, duration_days, famous_point, name, status_type ) VALUES ('<liansai>总冠军带来的加成', 30, 5, '<liansai>总冠军', 1 );
INSERT INTO status (description, duration_days, famous_point, name, status_type ) VALUES ('<liansai>总决赛MVP带来的加成', 700, 10, '<liansai>总决赛MVP', 1 );
INSERT INTO status (description, duration_days, famous_point, name, status_type ) VALUES ('<liansai>得分王带来的加成', 10, 5, '<liansai>得分王', 1 );
INSERT INTO status (description, duration_days, famous_point, name, status_type ) VALUES ('<liansai>篮板王带来的加成', 10, 2, '<liansai>篮板王', 1 );
INSERT INTO status (description, duration_days, famous_point, name, status_type ) VALUES ('<liansai>助攻王带来的加成', 10, 2, '<liansai>助攻王', 1 );
INSERT INTO status (description, duration_days, famous_point, name, status_type ) VALUES ('<liansai>抢断王带来的加成', 10, 2, '<liansai>抢断王', 1 );
INSERT INTO status (description, duration_days, famous_point, name, status_type ) VALUES ('<liansai>常规赛MVP带来的加成', 10, 3, '<liansai>常规赛MVP', 1 );
INSERT INTO status (description, duration_days, famous_point, name, status_type ) VALUES ('<liansai>冠军教头带来的加成', 60, 10, '<liansai>冠军教头', 1 );
INSERT INTO status (description, duration_days, famous_point, name, status_type ) VALUES ('<liansai>冠军教头带来的加成', 60, 10, '<liansai>冠军教头', 1 );
INSERT INTO status (description, duration_days, famous_point, name, status_type ) VALUES ('抢断手,增加抢断防守', 60, 2, '抢断手', 2 );
INSERT INTO status (description, duration_days, famous_point, name, status_type ) VALUES ('篮板手,增加篮板防守', 60, 2, '篮板手', 2 );
INSERT INTO status (description, duration_days, famous_point, name, status_type ) VALUES ('助攻手,增加助攻、球感、进攻', 60, 2, '助攻手', 2 );
INSERT INTO status (description, duration_days, famous_point, name, status_type ) VALUES ('控球主将,增加助攻、球感、进攻', 60, 2, '控球主将', 2 );
INSERT INTO status (description, duration_days, famous_point, name, status_type ) VALUES ('火锅盛宴,增加防守', 60, 2, '火锅盛宴', 2 );
INSERT INTO status (description, duration_days, famous_point, name, status_type ) VALUES ('神射手,增加进攻、投篮', 60, 2, '神射手', 2 );
INSERT INTO status (description, duration_days, famous_point, name, status_type ) VALUES ('三分手,增加进攻、投篮', 60, 2, '三分手', 2 );
INSERT INTO status (description, duration_days, famous_point, name, status_type ) VALUES ('奋勇,增加进攻、防守', 60, 2, '奋勇', 2 );
INSERT INTO status (description, duration_days, famous_point, name, status_type ) VALUES ('血性,增加进攻、防守', 60, 2, '血性', 2 );
INSERT INTO status (description, duration_days, famous_point, name, status_type ) VALUES ('奋起直追,越是在落后的情况，越增加进攻、防守', 60, 2, '奋起直追', 2 );
INSERT INTO status (description, duration_days, famous_point, name, status_type ) VALUES ('勤苦,增加进攻、防守', 60, 2, '勤苦', 2 );
INSERT INTO status (description, duration_days, famous_point, name, status_type ) VALUES ('传球,增加助攻', 60, 2, '传球', 2 );
INSERT INTO status (description, duration_days, famous_point, name, status_type ) VALUES ('突破,增加进攻', 60, 2, '突破', 2 );
INSERT INTO status (description, duration_days, famous_point, name, status_type ) VALUES ('突破,增加进攻', 60, 2, '突破', 2 );
INSERT INTO status (description, duration_days, famous_point, name, status_type ) VALUES ('心情低落,全面降低', 60, 0, '心情低落', 3 );
INSERT INTO status (description, duration_days, famous_point, name, status_type ) VALUES ('心情很好,全面提升', 60, 0, '心情很好', 3 );
INSERT INTO status (description, duration_days, famous_point, name, status_type ) VALUES ('心情浮动,略微降低', 60, 0, '心情浮动', 3 );
INSERT INTO status (description, duration_days, famous_point, name, status_type ) VALUES ('轻伤，略微降低', 60, 0, '轻伤', 4 );
INSERT INTO status (description, duration_days, famous_point, name, status_type ) VALUES ('重伤，不能上场', 60, 0, '重伤', 4 );
INSERT INTO status (description, duration_days, famous_point, name, status_type ) VALUES ('中度受伤，不能上场', 60, 0, '中度受伤', 4 );



##技能
INSERT INTO ability (ability_type,description,name,skill_number  )  VALUES ('进攻','中投','中投','skill_number'  );


INSERT INTO person_level (level, max, min, name ) VALUES (1, 15, 0, '接触篮球' );
INSERT INTO person_level (level, max, min, name ) VALUES (2, 35, 15, '校园/业余' );
INSERT INTO person_level (level, max, min, name ) VALUES (3, 55, 35, 'NBL球员' );
INSERT INTO person_level (level, max, min, name ) VALUES (4, 70, 55, 'CBA球员' );
INSERT INTO person_level (level, max, min, name ) VALUES (5, 100, 75, 'SCBA球员' );

INSERT INTO league (deploy_bonus, fmvp_bonus, level, mvp_bonus, name, rank_bonus, teams_number ) VALUES (5000.0, 20000.0, 2, 15000.0, 'CUBA', '50000.0,20000.0,10000.0', 400);
INSERT INTO league (deploy_bonus, fmvp_bonus, level, mvp_bonus, name, rank_bonus, teams_number ) VALUES (10000.0, 50000.0, 3, 50000.0, 'NBL', '100000.0,50000.0,10000.0', 64);
INSERT INTO league (deploy_bonus, fmvp_bonus, level, mvp_bonus, name, rank_bonus, teams_number ) VALUES (100000.0, 500000.0, 4, 100000.0, 'CBA', '5000000.0,1000000.0,1000000.0,50000.0,50000.0,50000.0,50000.0,50000.0', 42);
INSERT INTO league (deploy_bonus, fmvp_bonus, level, mvp_bonus, name, rank_bonus, teams_number ) VALUES (1000000.0, 5000000.0, 4, 1000000.0, 'SCBA', '50000000.0,10000000.0,10000000.0,500000.0,500000.0,500000.0,500000.0,500000.0', 32);


##球馆初始化
INSERT INTO arena (arena_status,center_air_condition,center_tv,city,convenience,country,level,locker_room,name,province,rent,seats,shot_country_code,training_center,visitor_locker_room,ticket)VALUES ('所有',false,false,'',90.00,'中国',3,true,'大学体育馆','',0.0,1000,'',true,true,0.0);
INSERT INTO arena (arena_status,center_air_condition,center_tv,city,convenience,country,level,locker_room,name,province,rent,seats,shot_country_code,training_center,visitor_locker_room,ticket)VALUES ('租赁',true,true,'成都市',87.42,'中国',3,false,'成都市体育馆','四川省',127201.68000000004,5699,'<shot_country_code>',false,false,223.20000000000005);
INSERT INTO arena (arena_status,center_air_condition,center_tv,city,convenience,country,level,locker_room,name,province,rent,seats,shot_country_code,training_center,visitor_locker_room,ticket)VALUES ('租赁',false,true,'绵阳市',89.58,'中国',4,false,'绵阳市体育馆','四川省',14592.0,7600,'<shot_country_code>',true,true,192.0);
INSERT INTO arena (arena_status,center_air_condition,center_tv,city,convenience,country,level,locker_room,name,province,rent,seats,shot_country_code,training_center,visitor_locker_room,ticket)VALUES ('租赁',false,false,'苏州市',83.92,'中国',3,true,'苏州市体育馆','江苏省',49786.46400000001,5699,'<shot_country_code>',true,false,124.80000000000001);
INSERT INTO arena (arena_status,center_air_condition,center_tv,city,convenience,country,level,locker_room,name,province,rent,seats,shot_country_code,training_center,visitor_locker_room,ticket)VALUES ('租赁',true,false,'徐州市',56.09,'中国',3,false,'徐州市体育馆','江苏省',92323.8,5699,'<shot_country_code>',false,true,180.00000000000003);
INSERT INTO arena (arena_status,center_air_condition,center_tv,city,convenience,country,level,locker_room,name,province,rent,seats,shot_country_code,training_center,visitor_locker_room,ticket)VALUES ('租赁',false,true,'无锡市',82.73,'中国',4,false,'无锡市体育馆','江苏省',70041.6,7600,'<shot_country_code>',true,true,307.20000000000005);
INSERT INTO arena (arena_status,center_air_condition,center_tv,city,convenience,country,level,locker_room,name,province,rent,seats,shot_country_code,training_center,visitor_locker_room,ticket)VALUES ('租赁',false,true,'南京市',69.52,'中国',4,true,'南京市体育馆','江苏省',411251.2,7600,'<shot_country_code>',false,true,284.8);
INSERT INTO arena (arena_status,center_air_condition,center_tv,city,convenience,country,level,locker_room,name,province,rent,seats,shot_country_code,training_center,visitor_locker_room,ticket)VALUES ('租赁',false,true,'常州市',66.14,'中国',3,true,'常州市体育馆','江苏省',41853.456000000006,5699,'<shot_country_code>',false,false,122.40000000000002);
INSERT INTO arena (arena_status,center_air_condition,center_tv,city,convenience,country,level,locker_room,name,province,rent,seats,shot_country_code,training_center,visitor_locker_room,ticket)VALUES ('租赁',true,true,'哈尔滨市',86.25,'中国',5,false,'哈尔滨市体育馆','黑龙江',205200.0,9500,'<shot_country_code>',true,true,360.0);
INSERT INTO arena (arena_status,center_air_condition,center_tv,city,convenience,country,level,locker_room,name,province,rent,seats,shot_country_code,training_center,visitor_locker_room,ticket)VALUES ('租赁',false,false,'吉林市',62.11,'中国',3,false,'吉林市体育馆','吉林省',135134.68800000002,5699,'<shot_country_code>',true,true,124.80000000000001);
INSERT INTO arena (arena_status,center_air_condition,center_tv,city,convenience,country,level,locker_room,name,province,rent,seats,shot_country_code,training_center,visitor_locker_room,ticket)VALUES ('租赁',true,false,'长春市',71.36,'中国',4,false,'长春市体育馆','吉林省',93388.8,7600,'<shot_country_code>',true,true,204.8);
INSERT INTO arena (arena_status,center_air_condition,center_tv,city,convenience,country,level,locker_room,name,province,rent,seats,shot_country_code,training_center,visitor_locker_room,ticket)VALUES ('租赁',false,false,'上海市',71.84,'中国',2,true,'上海市体育馆','上海市',6019.2,3800,'<shot_country_code>',false,false,158.4);
INSERT INTO arena (arena_status,center_air_condition,center_tv,city,convenience,country,level,locker_room,name,province,rent,seats,shot_country_code,training_center,visitor_locker_room,ticket)VALUES ('租赁',true,false,'天津市',54.44,'中国',5,true,'天津市体育馆','天津市',117800.0,9500,'<shot_country_code>',true,true,248.0);
INSERT INTO arena (arena_status,center_air_condition,center_tv,city,convenience,country,level,locker_room,name,province,rent,seats,shot_country_code,training_center,visitor_locker_room,ticket)VALUES ('租赁',true,false,'郑州市',70.98,'中国',5,true,'郑州市体育馆','河南省',24320.0,9500,'<shot_country_code>',true,true,256.0);
INSERT INTO arena (arena_status,center_air_condition,center_tv,city,convenience,country,level,locker_room,name,province,rent,seats,shot_country_code,training_center,visitor_locker_room,ticket)VALUES ('租赁',false,false,'石家庄市',56.44,'中国',2,false,'石家庄市体育馆','河北省',32832.0,3800,'<shot_country_code>',true,false,86.4);
INSERT INTO arena (arena_status,center_air_condition,center_tv,city,convenience,country,level,locker_room,name,province,rent,seats,shot_country_code,training_center,visitor_locker_room,ticket)VALUES ('租赁',true,true,'唐山市',69.91,'中国',4,false,'唐山市体育馆','河北省',63232.0,7600,'<shot_country_code>',false,true,166.4);
INSERT INTO arena (arena_status,center_air_condition,center_tv,city,convenience,country,level,locker_room,name,province,rent,seats,shot_country_code,training_center,visitor_locker_room,ticket)VALUES ('租赁',false,false,'银川市',75.82,'中国',3,true,'银川市体育馆','宁夏回族自治区',213917.66400000005,5699,'<shot_country_code>',false,true,220.80000000000004);
INSERT INTO arena (arena_status,center_air_condition,center_tv,city,convenience,country,level,locker_room,name,province,rent,seats,shot_country_code,training_center,visitor_locker_room,ticket)VALUES ('租赁',false,true,'长沙市',56.65,'中国',3,true,'长沙市体育馆','湖南省',118174.46400000002,5699,'<shot_country_code>',false,false,129.60000000000002);
INSERT INTO arena (arena_status,center_air_condition,center_tv,city,convenience,country,level,locker_room,name,province,rent,seats,shot_country_code,training_center,visitor_locker_room,ticket)VALUES ('租赁',false,true,'武汉市',60.27,'中国',3,false,'武汉市体育馆','湖北省',58813.68000000001,5699,'<shot_country_code>',false,true,206.40000000000003);
INSERT INTO arena (arena_status,center_air_condition,center_tv,city,convenience,country,level,locker_room,name,province,rent,seats,shot_country_code,training_center,visitor_locker_room,ticket)VALUES ('租赁',true,true,'宜昌市',54.22,'中国',3,false,'宜昌市体育馆','湖北省',126381.02400000002,5699,'<shot_country_code>',false,false,201.60000000000002);
INSERT INTO arena (arena_status,center_air_condition,center_tv,city,convenience,country,level,locker_room,name,province,rent,seats,shot_country_code,training_center,visitor_locker_room,ticket)VALUES ('租赁',false,true,'澳门',70.59,'中国',3,false,'澳门体育馆','澳门',70849.96800000002,5699,'<shot_country_code>',true,false,177.60000000000002);
INSERT INTO arena (arena_status,center_air_condition,center_tv,city,convenience,country,level,locker_room,name,province,rent,seats,shot_country_code,training_center,visitor_locker_room,ticket)VALUES ('租赁',true,true,'东莞市',78.72,'中国',5,true,'东莞市体育馆','广东省',484500.0,9500,'<shot_country_code>',true,false,340.0);
INSERT INTO arena (arena_status,center_air_condition,center_tv,city,convenience,country,level,locker_room,name,province,rent,seats,shot_country_code,training_center,visitor_locker_room,ticket)VALUES ('租赁',true,true,'广州市',83.45,'中国',5,true,'广州市体育馆','广东省',150480.0,9500,'<shot_country_code>',false,true,264.0);
INSERT INTO arena (arena_status,center_air_condition,center_tv,city,convenience,country,level,locker_room,name,province,rent,seats,shot_country_code,training_center,visitor_locker_room,ticket)VALUES ('租赁',true,true,'中山市',88.5,'中国',4,false,'中山市体育馆','广东省',360422.4,7600,'<shot_country_code>',false,true,249.60000000000002);
INSERT INTO arena (arena_status,center_air_condition,center_tv,city,convenience,country,level,locker_room,name,province,rent,seats,shot_country_code,training_center,visitor_locker_room,ticket)VALUES ('租赁',false,false,'深圳市',75.55,'中国',4,true,'深圳市体育馆','广东省',153216.00000000003,7600,'<shot_country_code>',true,true,201.60000000000002);
INSERT INTO arena (arena_status,center_air_condition,center_tv,city,convenience,country,level,locker_room,name,province,rent,seats,shot_country_code,training_center,visitor_locker_room,ticket)VALUES ('租赁',false,false,'珠海市',71.64,'中国',2,false,'珠海市体育馆','广东省',53504.0,3800,'<shot_country_code>',false,true,88.0);
INSERT INTO arena (arena_status,center_air_condition,center_tv,city,convenience,country,level,locker_room,name,province,rent,seats,shot_country_code,training_center,visitor_locker_room,ticket)VALUES ('租赁',true,false,'芜湖市',53.4,'中国',3,false,'芜湖市体育馆','安徽省',110788.56000000001,5699,'<shot_country_code>',true,false,129.60000000000002);
INSERT INTO arena (arena_status,center_air_condition,center_tv,city,convenience,country,level,locker_room,name,province,rent,seats,shot_country_code,training_center,visitor_locker_room,ticket)VALUES ('租赁',false,false,'合肥市',67.55,'中国',2,false,'合肥市体育馆','安徽省',67852.8,3800,'<shot_country_code>',false,true,99.2);
INSERT INTO arena (arena_status,center_air_condition,center_tv,city,convenience,country,level,locker_room,name,province,rent,seats,shot_country_code,training_center,visitor_locker_room,ticket)VALUES ('租赁',true,true,'南宁市',82.42,'中国',3,false,'南宁市体育馆','广西壮族自治区',22978.368000000002,5699,'<shot_country_code>',false,false,201.60000000000002);
INSERT INTO arena (arena_status,center_air_condition,center_tv,city,convenience,country,level,locker_room,name,province,rent,seats,shot_country_code,training_center,visitor_locker_room,ticket)VALUES ('租赁',false,true,'呼和浩特市',75.85,'中国',4,true,'呼和浩特市体育馆','内蒙古自治区',259494.40000000005,7600,'<shot_country_code>',true,false,310.40000000000003);
INSERT INTO arena (arena_status,center_air_condition,center_tv,city,convenience,country,level,locker_room,name,province,rent,seats,shot_country_code,training_center,visitor_locker_room,ticket)VALUES ('租赁',false,false,'兰州市',56.02,'中国',2,false,'兰州市体育馆','甘肃省',20915.2,3800,'<shot_country_code>',true,false,137.6);
INSERT INTO arena (arena_status,center_air_condition,center_tv,city,convenience,country,level,locker_room,name,province,rent,seats,shot_country_code,training_center,visitor_locker_room,ticket)VALUES ('租赁',false,false,'北京市',79.3,'中国',3,false,'北京市体育馆','北京市',19969.296000000002,5699,'<shot_country_code>',true,true,175.20000000000002);
INSERT INTO arena (arena_status,center_air_condition,center_tv,city,convenience,country,level,locker_room,name,province,rent,seats,shot_country_code,training_center,visitor_locker_room,ticket)VALUES ('租赁',true,false,'西安市',63.64,'中国',4,true,'西安市体育馆','陕西省',24806.400000000005,7600,'<shot_country_code>',false,true,163.20000000000002);
INSERT INTO arena (arena_status,center_air_condition,center_tv,city,convenience,country,level,locker_room,name,province,rent,seats,shot_country_code,training_center,visitor_locker_room,ticket)VALUES ('租赁',true,true,'昆明市',84.13,'中国',5,true,'昆明市体育馆','云南省',393680.00000000006,9500,'<shot_country_code>',true,false,296.0);
INSERT INTO arena (arena_status,center_air_condition,center_tv,city,convenience,country,level,locker_room,name,province,rent,seats,shot_country_code,training_center,visitor_locker_room,ticket)VALUES ('租赁',false,true,'台北市',55.73,'中国',4,false,'台北市体育馆','台湾省',269952.0,7600,'<shot_country_code>',true,true,236.8);
INSERT INTO arena (arena_status,center_air_condition,center_tv,city,convenience,country,level,locker_room,name,province,rent,seats,shot_country_code,training_center,visitor_locker_room,ticket)VALUES ('租赁',false,true,'济南市',76.26,'中国',4,true,'济南市体育馆','山东省',310809.60000000003,7600,'<shot_country_code>',false,true,227.20000000000002);
INSERT INTO arena (arena_status,center_air_condition,center_tv,city,convenience,country,level,locker_room,name,province,rent,seats,shot_country_code,training_center,visitor_locker_room,ticket)VALUES ('租赁',true,false,'青岛市',81.88,'中国',4,false,'青岛市体育馆','山东省',146649.6,7600,'<shot_country_code>',true,true,214.4);
INSERT INTO arena (arena_status,center_air_condition,center_tv,city,convenience,country,level,locker_room,name,province,rent,seats,shot_country_code,training_center,visitor_locker_room,ticket)VALUES ('租赁',true,false,'太原市',60.82,'中国',4,true,'太原市体育馆','山西省',392768.0,7600,'<shot_country_code>',false,true,272.0);
INSERT INTO arena (arena_status,center_air_condition,center_tv,city,convenience,country,level,locker_room,name,province,rent,seats,shot_country_code,training_center,visitor_locker_room,ticket)VALUES ('租赁',true,true,'大连市',82.5,'中国',4,false,'大连市体育馆','辽宁省',337075.2,7600,'<shot_country_code>',false,true,246.4);
INSERT INTO arena (arena_status,center_air_condition,center_tv,city,convenience,country,level,locker_room,name,province,rent,seats,shot_country_code,training_center,visitor_locker_room,ticket)VALUES ('租赁',false,false,'沈阳市',88.29,'中国',1,false,'沈阳市体育馆','辽宁省',15321.600000000002,1900,'<shot_country_code>',false,false,44.800000000000004);
INSERT INTO arena (arena_status,center_air_condition,center_tv,city,convenience,country,level,locker_room,name,province,rent,seats,shot_country_code,training_center,visitor_locker_room,ticket)VALUES ('租赁',true,false,'西宁市',85.38,'中国',2,false,'西宁市体育馆','青海省',80620.80000000002,3800,'<shot_country_code>',false,false,124.80000000000001);
INSERT INTO arena (arena_status,center_air_condition,center_tv,city,convenience,country,level,locker_room,name,province,rent,seats,shot_country_code,training_center,visitor_locker_room,ticket)VALUES ('租赁',true,true,'温州市',80.02,'中国',5,false,'温州市体育馆','浙江省',510720.0,9500,'<shot_country_code>',true,true,336.0);
INSERT INTO arena (arena_status,center_air_condition,center_tv,city,convenience,country,level,locker_room,name,province,rent,seats,shot_country_code,training_center,visitor_locker_room,ticket)VALUES ('租赁',true,false,'宁波市',77.59,'中国',2,false,'宁波市体育馆','浙江省',54780.80000000002,3800,'<shot_country_code>',false,false,84.80000000000001);
INSERT INTO arena (arena_status,center_air_condition,center_tv,city,convenience,country,level,locker_room,name,province,rent,seats,shot_country_code,training_center,visitor_locker_room,ticket)VALUES ('租赁',true,true,'杭州市',88.78,'中国',5,false,'杭州市体育馆','浙江省',419520.0,9500,'<shot_country_code>',true,true,276.0);
INSERT INTO arena (arena_status,center_air_condition,center_tv,city,convenience,country,level,locker_room,name,province,rent,seats,shot_country_code,training_center,visitor_locker_room,ticket)VALUES ('租赁',true,false,'乌鲁木齐市',88.51,'中国',4,false,'乌鲁木齐市体育馆','新疆维吾尔自治区',91929.6,7600,'<shot_country_code>',true,true,172.8);
INSERT INTO arena (arena_status,center_air_condition,center_tv,city,convenience,country,level,locker_room,name,province,rent,seats,shot_country_code,training_center,visitor_locker_room,ticket)VALUES ('租赁',false,false,'香港',85.2,'中国',1,false,'香港体育馆','香港',13178.400000000003,1900,'<shot_country_code>',false,false,40.800000000000004);
INSERT INTO arena (arena_status,center_air_condition,center_tv,city,convenience,country,level,locker_room,name,province,rent,seats,shot_country_code,training_center,visitor_locker_room,ticket)VALUES ('租赁',true,true,'重庆市',81.27,'中国',6,true,'重庆市体育馆','重庆市',334857.02400000003,11399,'<shot_country_code>',true,true,326.40000000000003);
INSERT INTO arena (arena_status,center_air_condition,center_tv,city,convenience,country,level,locker_room,name,province,rent,seats,shot_country_code,training_center,visitor_locker_room,ticket)VALUES ('租赁',true,false,'贵阳市',50.15,'中国',3,false,'贵阳市体育馆','贵州省',100667.13600000001,5699,'<shot_country_code>',false,true,220.80000000000004);
INSERT INTO arena (arena_status,center_air_condition,center_tv,city,convenience,country,level,locker_room,name,province,rent,seats,shot_country_code,training_center,visitor_locker_room,ticket)VALUES ('租赁',true,false,'三亚市',72.92,'中国',4,true,'三亚市体育馆','海南省',21158.400000000005,7600,'<shot_country_code>',false,true,278.40000000000003);
INSERT INTO arena (arena_status,center_air_condition,center_tv,city,convenience,country,level,locker_room,name,province,rent,seats,shot_country_code,training_center,visitor_locker_room,ticket)VALUES ('租赁',false,false,'海口市',53.5,'中国',2,true,'海口市体育馆','海南省',47667.20000000001,3800,'<shot_country_code>',false,false,89.60000000000001);
INSERT INTO arena (arena_status,center_air_condition,center_tv,city,convenience,country,level,locker_room,name,province,rent,seats,shot_country_code,training_center,visitor_locker_room,ticket)VALUES ('租赁',false,false,'拉萨市',78.39,'中国',2,false,'拉萨市体育馆','西藏',57395.200000000004,3800,'<shot_country_code>',false,true,94.4);
INSERT INTO arena (arena_status,center_air_condition,center_tv,city,convenience,country,level,locker_room,name,province,rent,seats,shot_country_code,training_center,visitor_locker_room,ticket)VALUES ('租赁',true,false,'南昌市',62.33,'中国',4,true,'南昌市体育馆','江西省',38425.6,7600,'<shot_country_code>',false,true,252.8);
INSERT INTO arena (arena_status,center_air_condition,center_tv,city,convenience,country,level,locker_room,name,province,rent,seats,shot_country_code,training_center,visitor_locker_room,ticket)VALUES ('租赁',true,true,'赣州市',88.58,'中国',6,true,'赣州市体育馆','江西省',499002.62400000007,11399,'<shot_country_code>',true,true,364.80000000000007);
INSERT INTO arena (arena_status,center_air_condition,center_tv,city,convenience,country,level,locker_room,name,province,rent,seats,shot_country_code,training_center,visitor_locker_room,ticket)VALUES ('租赁',true,true,'泉州市',74.97,'中国',3,false,'泉州市体育馆','福建省',90272.16000000002,5699,'<shot_country_code>',false,false,144.00000000000003);
INSERT INTO arena (arena_status,center_air_condition,center_tv,city,convenience,country,level,locker_room,name,province,rent,seats,shot_country_code,training_center,visitor_locker_room,ticket)VALUES ('租赁',false,false,'厦门市',68.83,'中国',2,false,'厦门市体育馆','福建省',32102.400000000005,3800,'<shot_country_code>',true,false,105.60000000000001);
INSERT INTO arena (arena_status,center_air_condition,center_tv,city,convenience,country,level,locker_room,name,province,rent,seats,shot_country_code,training_center,visitor_locker_room,ticket)VALUES ('租赁',true,false,'福州市',60.39,'中国',3,false,'福州市体育馆','福建省',44862.528000000006,5699,'<shot_country_code>',false,true,196.80000000000004);

##球队初始化
insert into team (asset,city,level,name,province,team_created,team_logo,arena,team_league) VALUES (28.0,'昆明学院',1,'昆明学院','<province>',512877242301,'',null,null);
insert into team (asset,city,level,name,province,team_created,team_logo,arena,team_league) VALUES (12.84,'长安大学',1,'长安大学','<province>',1332813242309,'',null,null);
insert into team (asset,city,level,name,province,team_created,team_logo,arena,team_league) VALUES (12.79,'巢湖学院',1,'巢湖学院','<province>',1395885242309,'',null,null);
insert into team (asset,city,level,name,province,team_created,team_logo,arena,team_league) VALUES (16.07,'湖南科技大学潇湘学院',1,'湖南科技大学潇湘学院','<province>',765165242309,'',null,null);
insert into team (asset,city,level,name,province,team_created,team_logo,arena,team_league) VALUES (11.42,'西南科技大学',1,'西南科技大学','<province>',-243986757691,'',null,null);
insert into team (asset,city,level,name,province,team_created,team_logo,arena,team_league) VALUES (17.14,'南昌师范学院',1,'南昌师范学院','<province>',954381242309,'',null,null);
insert into team (asset,city,level,name,province,team_created,team_logo,arena,team_league) VALUES (14.63,'西北农林科技大学',1,'西北农林科技大学','<province>',8301242309,'',null,null);
insert into team (asset,city,level,name,province,team_created,team_logo,arena,team_league) VALUES (21.0,'西华大学',1,'西华大学','<province>',39837242309,'',null,null);
insert into team (asset,city,level,name,province,team_created,team_logo,arena,team_league) VALUES (13.16,'南昌大学',1,'南昌大学','<province>',-212450757691,'',null,null);
insert into team (asset,city,level,name,province,team_created,team_logo,arena,team_league) VALUES (25.68,'长沙理工大学城南学院',1,'长沙理工大学城南学院','<province>',575949242309,'',null,null);
insert into team (asset,city,level,name,province,team_created,team_logo,arena,team_league) VALUES (14.11,'北京联合大学',1,'北京联合大学','<province>',-117842757691,'',null,null);
insert into team (asset,city,level,name,province,team_created,team_logo,arena,team_league) VALUES (21.13,'中国科学院大学',1,'中国科学院大学','<province>',1364349242309,'',null,null);
insert into team (asset,city,level,name,province,team_created,team_logo,arena,team_league) VALUES (18.52,'上海杉达学院',1,'上海杉达学院','<province>',1206669242309,'',null,null);
insert into team (asset,city,level,name,province,team_created,team_logo,arena,team_league) VALUES (14.57,'贵阳中医学院',1,'贵阳中医学院','<province>',1395885242309,'',null,null);
insert into team (asset,city,level,name,province,team_created,team_logo,arena,team_league) VALUES (22.06,'沈阳音乐学院',1,'沈阳音乐学院','<province>',1112061242309,'',null,null);
insert into team (asset,city,level,name,province,team_created,team_logo,arena,team_league) VALUES (13.05,'海南医学院',1,'海南医学院','<province>',449805242309,'',null,null);
insert into team (asset,city,level,name,province,team_created,team_logo,arena,team_league) VALUES (10.23,'天津科技大学',1,'天津科技大学','<province>',1080525242309,'',null,null);
insert into team (asset,city,level,name,province,team_created,team_logo,arena,team_league) VALUES (28.07,'武汉华夏理工学院',1,'武汉华夏理工学院','<province>',-307058757691,'',null,null);
insert into team (asset,city,level,name,province,team_created,team_logo,arena,team_league) VALUES (29.62,'吉林大学珠海学院',1,'吉林大学珠海学院','<province>',954381242309,'',null,null);
insert into team (asset,city,level,name,province,team_created,team_logo,arena,team_league) VALUES (12.8,'浙江越秀外国语学院',1,'浙江越秀外国语学院','<province>',670557242309,'',null,null);
insert into team (asset,city,level,name,province,team_created,team_logo,arena,team_league) VALUES (20.76,'南昌大学共青学院',1,'南昌大学共青学院','<province>',1364349242309,'',null,null);
insert into team (asset,city,level,name,province,team_created,team_logo,arena,team_league) VALUES (14.82,'吉林医药学院',1,'吉林医药学院','<province>',418269242309,'',null,null);
insert into team (asset,city,level,name,province,team_created,team_logo,arena,team_league) VALUES (12.99,'广东东软学院',1,'广东东软学院','<province>',1080525242309,'',null,null);
insert into team (asset,city,level,name,province,team_created,team_logo,arena,team_league) VALUES (25.39,'淮北师范大学',1,'淮北师范大学','<province>',1395885242309,'',null,null);
insert into team (asset,city,level,name,province,team_created,team_logo,arena,team_league) VALUES (10.17,'遵义医学院医学与科技学院',1,'遵义医学院医学与科技学院','<province>',-54770757691,'',null,null);
insert into team (asset,city,level,name,province,team_created,team_logo,arena,team_league) VALUES (23.31,'贵州理工学院',1,'贵州理工学院','<province>',1017453242309,'',null,null);
insert into team (asset,city,level,name,province,team_created,team_logo,arena,team_league) VALUES (19.24,'西华师范大学',1,'西华师范大学','<province>',1175133242309,'',null,null);
insert into team (asset,city,level,name,province,team_created,team_logo,arena,team_league) VALUES (29.4,'郑州工商学院',1,'郑州工商学院','<province>',39837242309,'',null,null);
insert into team (asset,city,level,name,province,team_created,team_logo,arena,team_league) VALUES (27.8,'新疆工程学院',1,'新疆工程学院','<province>',-212450757691,'',null,null);
insert into team (asset,city,level,name,province,team_created,team_logo,arena,team_league) VALUES (22.02,'湖北文理学院',1,'湖北文理学院','<province>',765165242309,'',null,null);
insert into team (asset,city,level,name,province,team_created,team_logo,arena,team_league) VALUES (17.93,'山东大学',1,'山东大学','<province>',39837242309,'',null,null);
insert into team (asset,city,level,name,province,team_created,team_logo,arena,team_league) VALUES (29.7,'湖北师范大学文理学院',1,'湖北师范大学文理学院','<province>',1364349242309,'',null,null);
insert into team (asset,city,level,name,province,team_created,team_logo,arena,team_league) VALUES (16.27,'安阳师范学院',1,'安阳师范学院','<province>',-275522757691,'',null,null);
insert into team (asset,city,level,name,province,team_created,team_logo,arena,team_league) VALUES (12.94,'湖南涉外经济学院',1,'湖南涉外经济学院','<province>',670557242309,'',null,null);
insert into team (asset,city,level,name,province,team_created,team_logo,arena,team_league) VALUES (18.17,'苏州大学',1,'苏州大学','<province>',449805242310,'',null,null);
insert into team (asset,city,level,name,province,team_created,team_logo,arena,team_league) VALUES (10.29,'武汉生物工程学院',1,'武汉生物工程学院','<province>',-212450757690,'',null,null);
insert into team (asset,city,level,name,province,team_created,team_logo,arena,team_league) VALUES (22.58,'江苏大学',1,'江苏大学','<province>',197517242310,'',null,null);
insert into team (asset,city,level,name,province,team_created,team_logo,arena,team_league) VALUES (20.69,'华东师范大学',1,'华东师范大学','<province>',954381242310,'',null,null);
insert into team (asset,city,level,name,province,team_created,team_logo,arena,team_league) VALUES (18.09,'西安欧亚学院',1,'西安欧亚学院','<province>',954381242310,'',null,null);
insert into team (asset,city,level,name,province,team_created,team_logo,arena,team_league) VALUES (25.29,'哈尔滨体育学院',1,'哈尔滨体育学院','<province>',355197242310,'',null,null);
insert into team (asset,city,level,name,province,team_created,team_logo,arena,team_league) VALUES (24.78,'云南工商学院',1,'云南工商学院','<province>',1332813242310,'',null,null);
insert into team (asset,city,level,name,province,team_created,team_logo,arena,team_league) VALUES (12.91,'西安邮电大学',1,'西安邮电大学','<province>',229053242310,'',null,null);
insert into team (asset,city,level,name,province,team_created,team_logo,arena,team_league) VALUES (29.91,'武汉学院',1,'武汉学院','<province>',1269741242310,'',null,null);
insert into team (asset,city,level,name,province,team_created,team_logo,arena,team_league) VALUES (10.71,'中央民族大学',1,'中央民族大学','<province>',639021242315,'',null,null);
insert into team (asset,city,level,name,province,team_created,team_logo,arena,team_league) VALUES (20.28,'滇西科技师范学院',1,'滇西科技师范学院','<province>',-275522757684,'',null,null);
insert into team (asset,city,level,name,province,team_created,team_logo,arena,team_league) VALUES (23.74,'湖南科技学院',1,'湖南科技学院','<province>',-149378757684,'',null,null);
insert into team (asset,city,level,name,province,team_created,team_logo,arena,team_league) VALUES (16.54,'辽宁警察学院',1,'辽宁警察学院','<province>',512877242316,'',null,null);
insert into team (asset,city,level,name,province,team_created,team_logo,arena,team_league) VALUES (21.19,'西安电子科技大学长安学院',1,'西安电子科技大学长安学院','<province>',922845242316,'',null,null);
insert into team (asset,city,level,name,province,team_created,team_logo,arena,team_league) VALUES (15.29,'云南大学旅游文化学院',1,'云南大学旅游文化学院','<province>',544413242316,'',null,null);
insert into team (asset,city,level,name,province,team_created,team_logo,arena,team_league) VALUES (13.5,'常熟理工学院',1,'常熟理工学院','<province>',859773242316,'',null,null);
insert into team (asset,city,level,name,province,team_created,team_logo,arena,team_league) VALUES (24.27,'河南工学院',1,'河南工学院','<province>',292125242316,'',null,null);
insert into team (asset,city,level,name,province,team_created,team_logo,arena,team_league) VALUES (22.51,'三明学院',1,'三明学院','<province>',512877242316,'',null,null);
insert into team (asset,city,level,name,province,team_created,team_logo,arena,team_league) VALUES (11.86,'温州医科大学仁济学院',1,'温州医科大学仁济学院','<province>',292125242316,'',null,null);
insert into team (asset,city,level,name,province,team_created,team_logo,arena,team_league) VALUES (12.27,'中国传媒大学南广学院',1,'中国传媒大学南广学院','<province>',512877242316,'',null,null);
insert into team (asset,city,level,name,province,team_created,team_logo,arena,team_league) VALUES (11.48,'兰州财经大学',1,'兰州财经大学','<province>',985917242316,'',null,null);
insert into team (asset,city,level,name,province,team_created,team_logo,arena,team_league) VALUES (10.38,'通化师范学院',1,'通化师范学院','<province>',954381242316,'',null,null);
insert into team (asset,city,level,name,province,team_created,team_logo,arena,team_league) VALUES (25.52,'岭南师范学院',1,'岭南师范学院','<province>',260589242316,'',null,null);
insert into team (asset,city,level,name,province,team_created,team_logo,arena,team_league) VALUES (11.9,'黑龙江大学',1,'黑龙江大学','<province>',-212450757684,'',null,null);
insert into team (asset,city,level,name,province,team_created,team_logo,arena,team_league) VALUES (27.44,'北京师范大学',1,'北京师范大学','<province>',670557242316,'',null,null);
insert into team (asset,city,level,name,province,team_created,team_logo,arena,team_league) VALUES (26.08,'华中师范大学',1,'华中师范大学','<province>',891309242316,'',null,null);
insert into team (asset,city,level,name,province,team_created,team_logo,arena,team_league) VALUES (15.41,'内蒙古师范大学鸿德学院',1,'内蒙古师范大学鸿德学院','<province>',102909242316,'',null,null);
insert into team (asset,city,level,name,province,team_created,team_logo,arena,team_league) VALUES (18.05,'辽宁师范大学',1,'辽宁师范大学','<province>',733629242316,'',null,null);
insert into team (asset,city,level,name,province,team_created,team_logo,arena,team_league) VALUES (20.74,'西安体育学院',1,'西安体育学院','<province>',1364349242316,'',null,null);
insert into team (asset,city,level,name,province,team_created,team_logo,arena,team_league) VALUES (23.56,'中国医科大学临床医药学院',1,'中国医科大学临床医药学院','<province>',1269741242316,'',null,null);
insert into team (asset,city,level,name,province,team_created,team_logo,arena,team_league) VALUES (24.71,'南京医科大学康达学院',1,'南京医科大学康达学院','<province>',-117842757684,'',null,null);
insert into team (asset,city,level,name,province,team_created,team_logo,arena,team_league) VALUES (25.1,'中国药科大学',1,'中国药科大学','<province>',1364349242316,'',null,null);
insert into team (asset,city,level,name,province,team_created,team_logo,arena,team_league) VALUES (25.91,'银川能源学院',1,'银川能源学院','<province>',954381242316,'',null,null);
insert into team (asset,city,level,name,province,team_created,team_logo,arena,team_league) VALUES (10.47,'青海民族大学',1,'青海民族大学','<province>',323661242316,'',null,null);
insert into team (asset,city,level,name,province,team_created,team_logo,arena,team_league) VALUES (29.31,'中国矿业大学徐海学院',1,'中国矿业大学徐海学院','<province>',544413242316,'',null,null);
insert into team (asset,city,level,name,province,team_created,team_logo,arena,team_league) VALUES (28.26,'太原师范学院',1,'太原师范学院','<province>',449805242316,'',null,null);
insert into team (asset,city,level,name,province,team_created,team_logo,arena,team_league) VALUES (16.53,'上海政法学院',1,'上海政法学院','<province>',-117842757684,'',null,null);
insert into team (asset,city,level,name,province,team_created,team_logo,arena,team_league) VALUES (10.11,'广东培正学院',1,'广东培正学院','<province>',418269242316,'',null,null);
insert into team (asset,city,level,name,province,team_created,team_logo,arena,team_league) VALUES (18.98,'成都医学院',1,'成都医学院','<province>',765165242316,'',null,null);
insert into team (asset,city,level,name,province,team_created,team_logo,arena,team_league) VALUES (11.57,'西安建筑科技大学',1,'西安建筑科技大学','<province>',765165242316,'',null,null);
insert into team (asset,city,level,name,province,team_created,team_logo,arena,team_league) VALUES (26.22,'湖北美术学院',1,'湖北美术学院','<province>',8301242316,'',null,null);
insert into team (asset,city,level,name,province,team_created,team_logo,arena,team_league) VALUES (24.37,'山东科技大学泰山科技学院',1,'山东科技大学泰山科技学院','<province>',1364349242316,'',null,null);
insert into team (asset,city,level,name,province,team_created,team_logo,arena,team_league) VALUES (10.15,'钦州学院',1,'钦州学院','<province>',1175133242316,'',null,null);
insert into team (asset,city,level,name,province,team_created,team_logo,arena,team_league) VALUES (18.61,'山西大同大学',1,'山西大同大学','<province>',1395885242316,'',null,null);
insert into team (asset,city,level,name,province,team_created,team_logo,arena,team_league) VALUES (14.42,'上海大学',1,'上海大学','<province>',1364349242316,'',null,null);
insert into team (asset,city,level,name,province,team_created,team_logo,arena,team_league) VALUES (17.2,'长春建筑学院',1,'长春建筑学院','<province>',954381242317,'',null,null);
insert into team (asset,city,level,name,province,team_created,team_logo,arena,team_league) VALUES (13.21,'西安石油大学',1,'西安石油大学','<province>',8301242317,'',null,null);
insert into team (asset,city,level,name,province,team_created,team_logo,arena,team_league) VALUES (26.14,'广西医科大学',1,'广西医科大学','<province>',39837242317,'',null,null);
insert into team (asset,city,level,name,province,team_created,team_logo,arena,team_league) VALUES (24.54,'闽南理工学院',1,'闽南理工学院','<province>',891309242317,'',null,null);
insert into team (asset,city,level,name,province,team_created,team_logo,arena,team_league) VALUES (23.2,'浙江工业大学',1,'浙江工业大学','<province>',639021242317,'',null,null);
insert into team (asset,city,level,name,province,team_created,team_logo,arena,team_league) VALUES (20.7,'广西中医药大学',1,'广西中医药大学','<province>',102909242317,'',null,null);
insert into team (asset,city,level,name,province,team_created,team_logo,arena,team_league) VALUES (22.7,'云南艺术学院文华学院',1,'云南艺术学院文华学院','<province>',702093242317,'',null,null);
insert into team (asset,city,level,name,province,team_created,team_logo,arena,team_league) VALUES (14.62,'复旦大学',1,'复旦大学','<province>',-275522757683,'',null,null);
insert into team (asset,city,level,name,province,team_created,team_logo,arena,team_league) VALUES (16.33,'河北大学工商学院',1,'河北大学工商学院','<province>',1238205242317,'',null,null);
insert into team (asset,city,level,name,province,team_created,team_logo,arena,team_league) VALUES (20.18,'广东警官学院',1,'广东警官学院','<province>',-23234757683,'',null,null);
insert into team (asset,city,level,name,province,team_created,team_logo,arena,team_league) VALUES (17.18,'河北金融学院',1,'河北金融学院','<province>',1395885242317,'',null,null);
insert into team (asset,city,level,name,province,team_created,team_logo,arena,team_league) VALUES (22.88,'烟台南山学院',1,'烟台南山学院','<province>',1112061242317,'',null,null);
insert into team (asset,city,level,name,province,team_created,team_logo,arena,team_league) VALUES (15.24,'湖南理工学院',1,'湖南理工学院','<province>',-212450757683,'',null,null);
insert into team (asset,city,level,name,province,team_created,team_logo,arena,team_league) VALUES (19.71,'宜宾学院',1,'宜宾学院','<province>',1112061242317,'',null,null);
insert into team (asset,city,level,name,province,team_created,team_logo,arena,team_league) VALUES (21.74,'西北师范大学知行学院',1,'西北师范大学知行学院','<province>',1332813242317,'',null,null);
insert into team (asset,city,level,name,province,team_created,team_logo,arena,team_league) VALUES (19.69,'西安思源学院',1,'西安思源学院','<province>',134445242317,'',null,null);
insert into team (asset,city,level,name,province,team_created,team_logo,arena,team_league) VALUES (12.97,'湖南科技大学',1,'湖南科技大学','<province>',-149378757683,'',null,null);
insert into team (asset,city,level,name,province,team_created,team_logo,arena,team_league) VALUES (25.64,'云南警官学院',1,'云南警官学院','<province>',-117842757683,'',null,null);
insert into team (asset,city,level,name,province,team_created,team_logo,arena,team_league) VALUES (20.33,'四川外国语大学',1,'四川外国语大学','<province>',702093242317,'',null,null);
insert into team (asset,city,level,name,province,team_created,team_logo,arena,team_league) VALUES (17.04,'江西中医药大学科技学院',1,'江西中医药大学科技学院','<province>',386733242317,'',null,null);
insert into team (asset,city,level,name,province,team_created,team_logo,arena,team_league) VALUES (15.1,'南京特殊教育师范学院',1,'南京特殊教育师范学院','<province>',1395885242317,'',null,null);
insert into team (asset,city,level,name,province,team_created,team_logo,arena,team_league) VALUES (15.97,'南昌航空大学',1,'南昌航空大学','<province>',575949242317,'',null,null);
insert into team (asset,city,level,name,province,team_created,team_logo,arena,team_league) VALUES (26.01,'温州商学院',1,'温州商学院','<province>',165981242317,'',null,null);
insert into team (asset,city,level,name,province,team_created,team_logo,arena,team_league) VALUES (10.59,'延边大学',1,'延边大学','<province>',544413242317,'',null,null);
insert into team (asset,city,level,name,province,team_created,team_logo,arena,team_league) VALUES (24.08,'商丘学院',1,'商丘学院','<province>',1427421242317,'',null,null);
insert into team (asset,city,level,name,province,team_created,team_logo,arena,team_league) VALUES (17.09,'天津天狮学院',1,'天津天狮学院','<province>',-86306757683,'',null,null);
insert into team (asset,city,level,name,province,team_created,team_logo,arena,team_league) VALUES (27.68,'文华学院',1,'文华学院','<province>',418269242317,'',null,null);
insert into team (asset,city,level,name,province,team_created,team_logo,arena,team_league) VALUES (26.33,'张家口学院',1,'张家口学院','<province>',1269741242317,'',null,null);
insert into team (asset,city,level,name,province,team_created,team_logo,arena,team_league) VALUES (13.19,'北京语言大学',1,'北京语言大学','<province>',-212450757683,'',null,null);
insert into team (asset,city,level,name,province,team_created,team_logo,arena,team_league) VALUES (13.74,'防灾科技学院',1,'防灾科技学院','<province>',702093242317,'',null,null);
insert into team (asset,city,level,name,province,team_created,team_logo,arena,team_league) VALUES (24.96,'河南财经政法大学',1,'河南财经政法大学','<province>',260589242317,'',null,null);
insert into team (asset,city,level,name,province,team_created,team_logo,arena,team_league) VALUES (18.59,'湖南交通工程学院',1,'湖南交通工程学院','<province>',165981242317,'',null,null);
insert into team (asset,city,level,name,province,team_created,team_logo,arena,team_league) VALUES (18.36,'南京师范大学中北学院',1,'南京师范大学中北学院','<province>',8301242317,'',null,null);
insert into team (asset,city,level,name,province,team_created,team_logo,arena,team_league) VALUES (17.75,'海南大学',1,'海南大学','<province>',1080525242317,'',null,null);
insert into team (asset,city,level,name,province,team_created,team_logo,arena,team_league) VALUES (19.88,'武汉传媒学院',1,'武汉传媒学院','<province>',1332813242318,'',null,null);
insert into team (asset,city,level,name,province,team_created,team_logo,arena,team_league) VALUES (10.53,'上海师范大学',1,'上海师范大学','<province>',954381242318,'',null,null);
insert into team (asset,city,level,name,province,team_created,team_logo,arena,team_league) VALUES (22.28,'西北师范大学',1,'西北师范大学','<province>',1112061242318,'',null,null);
insert into team (asset,city,level,name,province,team_created,team_logo,arena,team_league) VALUES (22.24,'江苏科技大学苏州理工学院',1,'江苏科技大学苏州理工学院','<province>',1332813242318,'',null,null);
insert into team (asset,city,level,name,province,team_created,team_logo,arena,team_league) VALUES (20.69,'杭州医学院',1,'杭州医学院','<province>',8301242318,'',null,null);
insert into team (asset,city,level,name,province,team_created,team_logo,arena,team_league) VALUES (20.2,'北海艺术设计学院',1,'北海艺术设计学院','<province>',449805242318,'',null,null);
insert into team (asset,city,level,name,province,team_created,team_logo,arena,team_league) VALUES (25.64,'上海师范大学天华学院',1,'上海师范大学天华学院','<province>',859773242318,'',null,null);
insert into team (asset,city,level,name,province,team_created,team_logo,arena,team_league) VALUES (11.62,'福建农林大学东方学院',1,'福建农林大学东方学院','<province>',1364349242318,'',null,null);
insert into team (asset,city,level,name,province,team_created,team_logo,arena,team_league) VALUES (22.99,'青岛滨海学院',1,'青岛滨海学院','<province>',1112061242318,'',null,null);
insert into team (asset,city,level,name,province,team_created,team_logo,arena,team_league) VALUES (13.66,'四川电影电视学院',1,'四川电影电视学院','<province>',1332813242318,'',null,null);
insert into team (asset,city,level,name,province,team_created,team_logo,arena,team_league) VALUES (25.84,'武汉东湖学院',1,'武汉东湖学院','<province>',-180914757682,'',null,null);
insert into team (asset,city,level,name,province,team_created,team_logo,arena,team_league) VALUES (15.51,'北京邮电大学世纪学院',1,'北京邮电大学世纪学院','<province>',386733242318,'',null,null);
insert into team (asset,city,level,name,province,team_created,team_logo,arena,team_league) VALUES (17.66,'中国戏曲学院',1,'中国戏曲学院','<province>',1269741242318,'',null,null);
insert into team (asset,city,level,name,province,team_created,team_logo,arena,team_league) VALUES (24.89,'南京工程学院',1,'南京工程学院','<province>',1364349242318,'',null,null);
insert into team (asset,city,level,name,province,team_created,team_logo,arena,team_league) VALUES (27.59,'内蒙古师范大学',1,'内蒙古师范大学','<province>',828237242318,'',null,null);
insert into team (asset,city,level,name,province,team_created,team_logo,arena,team_league) VALUES (28.04,'湖南女子学院',1,'湖南女子学院','<province>',449805242318,'',null,null);
insert into team (asset,city,level,name,province,team_created,team_logo,arena,team_league) VALUES (24.18,'北京科技大学天津学院',1,'北京科技大学天津学院','<province>',1048989242318,'',null,null);
insert into team (asset,city,level,name,province,team_created,team_logo,arena,team_league) VALUES (11.24,'云南艺术学院',1,'云南艺术学院','<province>',607485242318,'',null,null);
insert into team (asset,city,level,name,province,team_created,team_logo,arena,team_league) VALUES (19.54,'扬州大学',1,'扬州大学','<province>',418269242318,'',null,null);
insert into team (asset,city,level,name,province,team_created,team_logo,arena,team_league) VALUES (10.97,'山西师范大学',1,'山西师范大学','<province>',1080525242318,'',null,null);
insert into team (asset,city,level,name,province,team_created,team_logo,arena,team_league) VALUES (11.09,'北京科技经营管理学院',1,'北京科技经营管理学院','<province>',102909242318,'',null,null);
insert into team (asset,city,level,name,province,team_created,team_logo,arena,team_league) VALUES (25.94,'嘉应学院',1,'嘉应学院','<province>',-275522757682,'',null,null);
insert into team (asset,city,level,name,province,team_created,team_logo,arena,team_league) VALUES (11.22,'浙江中医药大学滨江学院',1,'浙江中医药大学滨江学院','<province>',1238205242318,'',null,null);
insert into team (asset,city,level,name,province,team_created,team_logo,arena,team_league) VALUES (11.5,'南京师范大学泰州学院',1,'南京师范大学泰州学院','<province>',-23234757682,'',null,null);
insert into team (asset,city,level,name,province,team_created,team_logo,arena,team_league) VALUES (24.1,'云南大学',1,'云南大学','<province>',922845242318,'',null,null);
insert into team (asset,city,level,name,province,team_created,team_logo,arena,team_league) VALUES (20.09,'北京协和医学院',1,'北京协和医学院','<province>',607485242318,'',null,null);
insert into team (asset,city,level,name,province,team_created,team_logo,arena,team_league) VALUES (18.95,'河北科技师范学院',1,'河北科技师范学院','<province>',1395885242318,'',null,null);
insert into team (asset,city,level,name,province,team_created,team_logo,arena,team_league) VALUES (23.05,'湖南中医药大学',1,'湖南中医药大学','<province>',71373242318,'',null,null);
insert into team (asset,city,level,name,province,team_created,team_logo,arena,team_league) VALUES (13.98,'台州学院',1,'台州学院','<province>',1143597242318,'',null,null);
insert into team (asset,city,level,name,province,team_created,team_logo,arena,team_league) VALUES (26.29,'厦门大学',1,'厦门大学','<province>',1301277242318,'',null,null);
insert into team (asset,city,level,name,province,team_created,team_logo,arena,team_league) VALUES (18.2,'合肥学院',1,'合肥学院','<province>',134445242318,'',null,null);
insert into team (asset,city,level,name,province,team_created,team_logo,arena,team_league) VALUES (13.24,'中国人民大学',1,'中国人民大学','<province>',-243986757682,'',null,null);
insert into team (asset,city,level,name,province,team_created,team_logo,arena,team_league) VALUES (29.78,'安徽工业大学',1,'安徽工业大学','<province>',1112061242318,'',null,null);
insert into team (asset,city,level,name,province,team_created,team_logo,arena,team_league) VALUES (19.05,'西藏藏医学院',1,'西藏藏医学院','<province>',260589242318,'',null,null);
insert into team (asset,city,level,name,province,team_created,team_logo,arena,team_league) VALUES (18.17,'安阳学院',1,'安阳学院','<province>',1080525242318,'',null,null);
insert into team (asset,city,level,name,province,team_created,team_logo,arena,team_league) VALUES (16.87,'赣南师范大学',1,'赣南师范大学','<province>',260589242318,'',null,null);
insert into team (asset,city,level,name,province,team_created,team_logo,arena,team_league) VALUES (13.55,'湖南工业大学科技学院',1,'湖南工业大学科技学院','<province>',481341242319,'',null,null);
insert into team (asset,city,level,name,province,team_created,team_logo,arena,team_league) VALUES (24.32,'沈阳科技学院',1,'沈阳科技学院','<province>',418269242319,'',null,null);
insert into team (asset,city,level,name,province,team_created,team_logo,arena,team_league) VALUES (11.85,'中国刑事警察学院',1,'中国刑事警察学院','<province>',796701242319,'',null,null);
insert into team (asset,city,level,name,province,team_created,team_logo,arena,team_league) VALUES (22.42,'黄山学院',1,'黄山学院','<province>',1427421242319,'',null,null);
insert into team (asset,city,level,name,province,team_created,team_logo,arena,team_league) VALUES (20.29,'厦门华厦学院',1,'厦门华厦学院','<province>',1427421242319,'',null,null);
insert into team (asset,city,level,name,province,team_created,team_logo,arena,team_league) VALUES (17.48,'沈阳化工大学',1,'沈阳化工大学','<province>',1395885242319,'',null,null);
insert into team (asset,city,level,name,province,team_created,team_logo,arena,team_league) VALUES (15.48,'内蒙古民族大学',1,'内蒙古民族大学','<province>',512877242319,'',null,null);
insert into team (asset,city,level,name,province,team_created,team_logo,arena,team_league) VALUES (11.5,'西安翻译学院',1,'西安翻译学院','<province>',1427421242319,'',null,null);
insert into team (asset,city,level,name,province,team_created,team_logo,arena,team_league) VALUES (18.94,'宁波大学',1,'宁波大学','<province>',859773242319,'',null,null);
insert into team (asset,city,level,name,province,team_created,team_logo,arena,team_league) VALUES (28.39,'山东理工大学',1,'山东理工大学','<province>',1332813242319,'',null,null);
insert into team (asset,city,level,name,province,team_created,team_logo,arena,team_league) VALUES (23.41,'河北师范大学',1,'河北师范大学','<province>',1048989242319,'',null,null);
insert into team (asset,city,level,name,province,team_created,team_logo,arena,team_league) VALUES (28.95,'厦门医学院',1,'厦门医学院','<province>',-307058757681,'',null,null);
insert into team (asset,city,level,name,province,team_created,team_logo,arena,team_league) VALUES (29.47,'烟台大学',1,'烟台大学','<province>',449805242319,'',null,null);
insert into team (asset,city,level,name,province,team_created,team_logo,arena,team_league) VALUES (15.57,'西安医学院',1,'西安医学院','<province>',355197242319,'',null,null);
insert into team (asset,city,level,name,province,team_created,team_logo,arena,team_league) VALUES (17.59,'大连大学',1,'大连大学','<province>',1332813242319,'',null,null);
insert into team (asset,city,level,name,province,team_created,team_logo,arena,team_league) VALUES (17.32,'重庆医科大学',1,'重庆医科大学','<province>',1427421242319,'',null,null);
insert into team (asset,city,level,name,province,team_created,team_logo,arena,team_league) VALUES (20.35,'淮阴工学院',1,'淮阴工学院','<province>',1301277242319,'',null,null);
insert into team (asset,city,level,name,province,team_created,team_logo,arena,team_league) VALUES (26.02,'新疆大学',1,'新疆大学','<province>',449805242319,'',null,null);
insert into team (asset,city,level,name,province,team_created,team_logo,arena,team_league) VALUES (19.84,'湖南城市学院',1,'湖南城市学院','<province>',1332813242319,'',null,null);
insert into team (asset,city,level,name,province,team_created,team_logo,arena,team_league) VALUES (12.23,'天津体育学院',1,'天津体育学院','<province>',1238205242319,'',null,null);
insert into team (asset,city,level,name,province,team_created,team_logo,arena,team_league) VALUES (23.63,'长春工业大学人文信息学院',1,'长春工业大学人文信息学院','<province>',1175133242319,'',null,null);
insert into team (asset,city,level,name,province,team_created,team_logo,arena,team_league) VALUES (29.28,'淮阴师范学院',1,'淮阴师范学院','<province>',1143597242319,'',null,null);
insert into team (asset,city,level,name,province,team_created,team_logo,arena,team_league) VALUES (29.32,'新疆财经大学',1,'新疆财经大学','<province>',229053242319,'',null,null);
insert into team (asset,city,level,name,province,team_created,team_logo,arena,team_league) VALUES (23.34,'西安交通大学',1,'西安交通大学','<province>',575949242319,'',null,null);
insert into team (asset,city,level,name,province,team_created,team_logo,arena,team_league) VALUES (22.58,'吉林师范大学博达学院',1,'吉林师范大学博达学院','<province>',639021242319,'',null,null);
insert into team (asset,city,level,name,province,team_created,team_logo,arena,team_league) VALUES (16.84,'广州体育学院',1,'广州体育学院','<province>',355197242319,'',null,null);
insert into team (asset,city,level,name,province,team_created,team_logo,arena,team_league) VALUES (24.05,'中国传媒大学',1,'中国传媒大学','<province>',702093242319,'',null,null);
insert into team (asset,city,level,name,province,team_created,team_logo,arena,team_league) VALUES (20.96,'贵阳学院',1,'贵阳学院','<province>',-86306757681,'',null,null);
insert into team (asset,city,level,name,province,team_created,team_logo,arena,team_league) VALUES (13.76,'北京中医药大学',1,'北京中医药大学','<province>',229053242319,'',null,null);
insert into team (asset,city,level,name,province,team_created,team_logo,arena,team_league) VALUES (28.82,'长春工业大学',1,'长春工业大学','<province>',-212450757681,'',null,null);
insert into team (asset,city,level,name,province,team_created,team_logo,arena,team_league) VALUES (13.48,'中国美术学院',1,'中国美术学院','<province>',733629242319,'',null,null);
insert into team (asset,city,level,name,province,team_created,team_logo,arena,team_league) VALUES (16.48,'南京中医药大学翰林学院',1,'南京中医药大学翰林学院','<province>',39837242319,'',null,null);
insert into team (asset,city,level,name,province,team_created,team_logo,arena,team_league) VALUES (12.6,'天津大学',1,'天津大学','<province>',544413242319,'',null,null);
insert into team (asset,city,level,name,province,team_created,team_logo,arena,team_league) VALUES (21.7,'呼伦贝尔学院',1,'呼伦贝尔学院','<province>',-23234757681,'',null,null);
insert into team (asset,city,level,name,province,team_created,team_logo,arena,team_league) VALUES (18.16,'南昌工学院',1,'南昌工学院','<province>',1269741242319,'',null,null);
insert into team (asset,city,level,name,province,team_created,team_logo,arena,team_league) VALUES (29.3,'辽宁何氏医学院',1,'辽宁何氏医学院','<province>',-86306757681,'',null,null);
insert into team (asset,city,level,name,province,team_created,team_logo,arena,team_league) VALUES (25.17,'湖南文理学院芙蓉学院',1,'湖南文理学院芙蓉学院','<province>',1206669242319,'',null,null);
insert into team (asset,city,level,name,province,team_created,team_logo,arena,team_league) VALUES (20.0,'安阳工学院',1,'安阳工学院','<province>',1427421242319,'',null,null);
insert into team (asset,city,level,name,province,team_created,team_logo,arena,team_league) VALUES (21.31,'桂林航天工业学院',1,'桂林航天工业学院','<province>',8301242319,'',null,null);
insert into team (asset,city,level,name,province,team_created,team_logo,arena,team_league) VALUES (16.35,'东南大学成贤学院',1,'东南大学成贤学院','<province>',765165242319,'',null,null);
insert into team (asset,city,level,name,province,team_created,team_logo,arena,team_league) VALUES (12.79,'周口师范学院',1,'周口师范学院','<province>',8301242319,'',null,null);
insert into team (asset,city,level,name,province,team_created,team_logo,arena,team_league) VALUES (14.68,'南京师范大学',1,'南京师范大学','<province>',954381242320,'',null,null);
insert into team (asset,city,level,name,province,team_created,team_logo,arena,team_league) VALUES (12.95,'浙江财经大学',1,'浙江财经大学','<province>',229053242325,'',null,null);
insert into team (asset,city,level,name,province,team_created,team_logo,arena,team_league) VALUES (22.09,'广东工业大学',1,'广东工业大学','<province>',-117842757675,'',null,null);
insert into team (asset,city,level,name,province,team_created,team_logo,arena,team_league) VALUES (12.56,'温州大学瓯江学院',1,'温州大学瓯江学院','<province>',607485242325,'',null,null);
insert into team (asset,city,level,name,province,team_created,team_logo,arena,team_league) VALUES (11.11,'郑州成功财经学院',1,'郑州成功财经学院','<province>',102909242325,'',null,null);
insert into team (asset,city,level,name,province,team_created,team_logo,arena,team_league) VALUES (19.52,'安徽工程大学',1,'安徽工程大学','<province>',-149378757675,'',null,null);
insert into team (asset,city,level,name,province,team_created,team_logo,arena,team_league) VALUES (20.6,'汕头大学',1,'汕头大学','<province>',985917242325,'',null,null);
insert into team (asset,city,level,name,province,team_created,team_logo,arena,team_league) VALUES (24.38,'济南大学',1,'济南大学','<province>',260589242325,'',null,null);
insert into team (asset,city,level,name,province,team_created,team_logo,arena,team_league) VALUES (27.81,'华南农业大学珠江学院',1,'华南农业大学珠江学院','<province>',733629242325,'',null,null);
insert into team (asset,city,level,name,province,team_created,team_logo,arena,team_league) VALUES (14.67,'新疆医科大学',1,'新疆医科大学','<province>',954381242325,'',null,null);
insert into team (asset,city,level,name,province,team_created,team_logo,arena,team_league) VALUES (15.1,'北京化工大学',1,'北京化工大学','<province>',1143597242325,'',null,null);
insert into team (asset,city,level,name,province,team_created,team_logo,arena,team_league) VALUES (29.67,'湖北师范大学',1,'湖北师范大学','<province>',-180914757675,'',null,null);
insert into team (asset,city,level,name,province,team_created,team_logo,arena,team_league) VALUES (11.05,'陕西国际商贸学院',1,'陕西国际商贸学院','<province>',1332813242325,'',null,null);
insert into team (asset,city,level,name,province,team_created,team_logo,arena,team_league) VALUES (17.46,'阿坝师范学院',1,'阿坝师范学院','<province>',1364349242325,'',null,null);
insert into team (asset,city,level,name,province,team_created,team_logo,arena,team_league) VALUES (16.99,'对外经济贸易大学',1,'对外经济贸易大学','<province>',229053242325,'',null,null);
insert into team (asset,city,level,name,province,team_created,team_logo,arena,team_league) VALUES (27.05,'公安海警学院',1,'公安海警学院','<province>',796701242325,'',null,null);
insert into team (asset,city,level,name,province,team_created,team_logo,arena,team_league) VALUES (14.79,'河北建筑工程学院',1,'河北建筑工程学院','<province>',134445242325,'',null,null);
insert into team (asset,city,level,name,province,team_created,team_logo,arena,team_league) VALUES (17.47,'南通理工学院',1,'南通理工学院','<province>',8301242325,'',null,null);
insert into team (asset,city,level,name,province,team_created,team_logo,arena,team_league) VALUES (15.01,'宁夏大学新华学院',1,'宁夏大学新华学院','<province>',-180914757675,'',null,null);
insert into team (asset,city,level,name,province,team_created,team_logo,arena,team_league) VALUES (11.93,'锦州医科大学',1,'锦州医科大学','<province>',8301242325,'',null,null);
insert into team (asset,city,level,name,province,team_created,team_logo,arena,team_league) VALUES (26.12,'黄冈师范学院',1,'黄冈师范学院','<province>',8301242325,'',null,null);
insert into team (asset,city,level,name,province,team_created,team_logo,arena,team_league) VALUES (18.24,'上海财经大学浙江学院',1,'上海财经大学浙江学院','<province>',985917242325,'',null,null);
insert into team (asset,city,level,name,province,team_created,team_logo,arena,team_league) VALUES (21.57,'广西民族大学',1,'广西民族大学','<province>',1080525242325,'',null,null);
insert into team (asset,city,level,name,province,team_created,team_logo,arena,team_league) VALUES (20.07,'安徽医科大学',1,'安徽医科大学','<province>',1427421242325,'',null,null);
insert into team (asset,city,level,name,province,team_created,team_logo,arena,team_league) VALUES (18.61,'西北工业大学',1,'西北工业大学','<province>',1206669242325,'',null,null);
insert into team (asset,city,level,name,province,team_created,team_logo,arena,team_league) VALUES (16.18,'山东中医药大学',1,'山东中医药大学','<province>',733629242325,'',null,null);
insert into team (asset,city,level,name,province,team_created,team_logo,arena,team_league) VALUES (23.13,'黑龙江工程学院昆仑旅游学院',1,'黑龙江工程学院昆仑旅游学院','<province>',229053242325,'',null,null);
insert into team (asset,city,level,name,province,team_created,team_logo,arena,team_league) VALUES (27.47,'昆山杜克大学',1,'昆山杜克大学','<province>',197517242325,'',null,null);
insert into team (asset,city,level,name,province,team_created,team_logo,arena,team_league) VALUES (13.07,'东北师范大学人文学院',1,'东北师范大学人文学院','<province>',733629242325,'',null,null);
insert into team (asset,city,level,name,province,team_created,team_logo,arena,team_league) VALUES (11.96,'大连海洋大学',1,'大连海洋大学','<province>',-307058757675,'',null,null);
insert into team (asset,city,level,name,province,team_created,team_logo,arena,team_league) VALUES (16.3,'四川民族学院',1,'四川民族学院','<province>',1206669242325,'',null,null);
insert into team (asset,city,level,name,province,team_created,team_logo,arena,team_league) VALUES (25.46,'青岛大学',1,'青岛大学','<province>',1364349242325,'',null,null);
insert into team (asset,city,level,name,province,team_created,team_logo,arena,team_league) VALUES (11.59,'重庆工商大学',1,'重庆工商大学','<province>',922845242325,'',null,null);
insert into team (asset,city,level,name,province,team_created,team_logo,arena,team_league) VALUES (15.99,'新疆财经大学商务学院',1,'新疆财经大学商务学院','<province>',-23234757675,'',null,null);
insert into team (asset,city,level,name,province,team_created,team_logo,arena,team_league) VALUES (17.47,'吉林师范大学',1,'吉林师范大学','<province>',-275522757675,'',null,null);
insert into team (asset,city,level,name,province,team_created,team_logo,arena,team_league) VALUES (23.82,'黑河学院',1,'黑河学院','<province>',733629242325,'',null,null);
insert into team (asset,city,level,name,province,team_created,team_logo,arena,team_league) VALUES (26.41,'泰山医学院',1,'泰山医学院','<province>',1269741242325,'',null,null);
insert into team (asset,city,level,name,province,team_created,team_logo,arena,team_league) VALUES (11.55,'湖北中医药大学',1,'湖北中医药大学','<province>',-307058757675,'',null,null);
insert into team (asset,city,level,name,province,team_created,team_logo,arena,team_league) VALUES (28.96,'辽宁科技学院',1,'辽宁科技学院','<province>',1269741242325,'',null,null);
insert into team (asset,city,level,name,province,team_created,team_logo,arena,team_league) VALUES (18.52,'广州航海学院',1,'广州航海学院','<province>',1238205242325,'',null,null);
insert into team (asset,city,level,name,province,team_created,team_logo,arena,team_league) VALUES (10.41,'武汉工程科技学院',1,'武汉工程科技学院','<province>',1332813242325,'',null,null);
insert into team (asset,city,level,name,province,team_created,team_logo,arena,team_league) VALUES (12.16,'湖南财政经济学院',1,'湖南财政经济学院','<province>',418269242325,'',null,null);
insert into team (asset,city,level,name,province,team_created,team_logo,arena,team_league) VALUES (29.68,'哈尔滨医科大学',1,'哈尔滨医科大学','<province>',229053242326,'',null,null);
insert into team (asset,city,level,name,province,team_created,team_logo,arena,team_league) VALUES (18.78,'海口经济学院',1,'海口经济学院','<province>',481341242326,'',null,null);
insert into team (asset,city,level,name,province,team_created,team_logo,arena,team_league) VALUES (18.15,'香港中文大学（深圳）',1,'香港中文大学（深圳）','<province>',1395885242326,'',null,null);
insert into team (asset,city,level,name,province,team_created,team_logo,arena,team_league) VALUES (14.75,'青岛农业大学',1,'青岛农业大学','<province>',1017453242326,'',null,null);
insert into team (asset,city,level,name,province,team_created,team_logo,arena,team_league) VALUES (14.63,'辽东学院',1,'辽东学院','<province>',1080525242326,'',null,null);
insert into team (asset,city,level,name,province,team_created,team_logo,arena,team_league) VALUES (16.54,'北京建筑大学',1,'北京建筑大学','<province>',8301242326,'',null,null);
insert into team (asset,city,level,name,province,team_created,team_logo,arena,team_league) VALUES (11.24,'洛阳理工学院',1,'洛阳理工学院','<province>',639021242326,'',null,null);
insert into team (asset,city,level,name,province,team_created,team_logo,arena,team_league) VALUES (24.5,'上海海关学院',1,'上海海关学院','<province>',1080525242326,'',null,null);
insert into team (asset,city,level,name,province,team_created,team_logo,arena,team_league) VALUES (11.7,'华侨大学',1,'华侨大学','<province>',1269741242326,'',null,null);
insert into team (asset,city,level,name,province,team_created,team_logo,arena,team_league) VALUES (13.51,'天津财经大学珠江学院',1,'天津财经大学珠江学院','<province>',985917242326,'',null,null);
insert into team (asset,city,level,name,province,team_created,team_logo,arena,team_league) VALUES (20.41,'上海视觉艺术学院',1,'上海视觉艺术学院','<province>',607485242326,'',null,null);
insert into team (asset,city,level,name,province,team_created,team_logo,arena,team_league) VALUES (29.29,'中央音乐学院',1,'中央音乐学院','<province>',71373242326,'',null,null);
insert into team (asset,city,level,name,province,team_created,team_logo,arena,team_league) VALUES (18.27,'牡丹江师范学院',1,'牡丹江师范学院','<province>',355197242326,'',null,null);
insert into team (asset,city,level,name,province,team_created,team_logo,arena,team_league) VALUES (26.5,'山西师范大学现代文理学院',1,'山西师范大学现代文理学院','<province>',1206669242326,'',null,null);
insert into team (asset,city,level,name,province,team_created,team_logo,arena,team_league) VALUES (17.48,'黑龙江工程学院',1,'黑龙江工程学院','<province>',134445242326,'',null,null);
insert into team (asset,city,level,name,province,team_created,team_logo,arena,team_league) VALUES (24.63,'首都体育学院',1,'首都体育学院','<province>',1269741242326,'',null,null);
insert into team (asset,city,level,name,province,team_created,team_logo,arena,team_league) VALUES (17.64,'河北农业大学',1,'河北农业大学','<province>',1080525242326,'',null,null);
insert into team (asset,city,level,name,province,team_created,team_logo,arena,team_league) VALUES (29.76,'嘉兴学院南湖学院',1,'嘉兴学院南湖学院','<province>',670557242326,'',null,null);
insert into team (asset,city,level,name,province,team_created,team_logo,arena,team_league) VALUES (12.55,'湖北民族学院',1,'湖北民族学院','<province>',1395885242326,'',null,null);
insert into team (asset,city,level,name,province,team_created,team_logo,arena,team_league) VALUES (28.32,'上海立信会计金融学院',1,'上海立信会计金融学院','<province>',71373242326,'',null,null);
insert into team (asset,city,level,name,province,team_created,team_logo,arena,team_league) VALUES (14.35,'龙岩学院',1,'龙岩学院','<province>',1112061242326,'',null,null);
insert into team (asset,city,level,name,province,team_created,team_logo,arena,team_league) VALUES (18.77,'西安交通工程学院',1,'西安交通工程学院','<province>',544413242331,'',null,null);
insert into team (asset,city,level,name,province,team_created,team_logo,arena,team_league) VALUES (18.79,'河北东方学院',1,'河北东方学院','<province>',1332813242332,'',null,null);
insert into team (asset,city,level,name,province,team_created,team_logo,arena,team_league) VALUES (26.73,'长春大学旅游学院',1,'长春大学旅游学院','<province>',1395885242332,'',null,null);
insert into team (asset,city,level,name,province,team_created,team_logo,arena,team_league) VALUES (17.08,'河北师范大学汇华学院',1,'河北师范大学汇华学院','<province>',-117842757668,'',null,null);
insert into team (asset,city,level,name,province,team_created,team_logo,arena,team_league) VALUES (27.81,'中国海洋大学',1,'中国海洋大学','<province>',260589242332,'',null,null);
insert into team (asset,city,level,name,province,team_created,team_logo,arena,team_league) VALUES (27.36,'常州工学院',1,'常州工学院','<province>',134445242332,'',null,null);
insert into team (asset,city,level,name,province,team_created,team_logo,arena,team_league) VALUES (25.36,'云南财经大学',1,'云南财经大学','<province>',670557242332,'',null,null);
insert into team (asset,city,level,name,province,team_created,team_logo,arena,team_league) VALUES (22.85,'北京第二外国语学院',1,'北京第二外国语学院','<province>',-243986757668,'',null,null);
insert into team (asset,city,level,name,province,team_created,team_logo,arena,team_league) VALUES (13.85,'广东海洋大学寸金学院',1,'广东海洋大学寸金学院','<province>',1206669242332,'',null,null);
insert into team (asset,city,level,name,province,team_created,team_logo,arena,team_league) VALUES (27.68,'重庆大学城市科技学院',1,'重庆大学城市科技学院','<province>',828237242332,'',null,null);
insert into team (asset,city,level,name,province,team_created,team_logo,arena,team_league) VALUES (23.79,'石家庄铁道大学',1,'石家庄铁道大学','<province>',1364349242332,'',null,null);
insert into team (asset,city,level,name,province,team_created,team_logo,arena,team_league) VALUES (10.62,'郑州大学',1,'郑州大学','<province>',134445242332,'',null,null);
insert into team (asset,city,level,name,province,team_created,team_logo,arena,team_league) VALUES (18.86,'吉林艺术学院',1,'吉林艺术学院','<province>',71373242332,'',null,null);
insert into team (asset,city,level,name,province,team_created,team_logo,arena,team_league) VALUES (24.62,'河北地质大学',1,'河北地质大学','<province>',1206669242332,'',null,null);
insert into team (asset,city,level,name,province,team_created,team_logo,arena,team_league) VALUES (16.55,'广西艺术学院',1,'广西艺术学院','<province>',1364349242332,'',null,null);
insert into team (asset,city,level,name,province,team_created,team_logo,arena,team_league) VALUES (24.39,'中国政法大学',1,'中国政法大学','<province>',702093242332,'',null,null);
insert into team (asset,city,level,name,province,team_created,team_logo,arena,team_league) VALUES (17.49,'广西财经学院',1,'广西财经学院','<province>',71373242332,'',null,null);
insert into team (asset,city,level,name,province,team_created,team_logo,arena,team_league) VALUES (22.57,'上海对外经贸大学',1,'上海对外经贸大学','<province>',1269741242332,'',null,null);
insert into team (asset,city,level,name,province,team_created,team_logo,arena,team_league) VALUES (14.48,'河海大学文天学院',1,'河海大学文天学院','<province>',639021242332,'',null,null);
insert into team (asset,city,level,name,province,team_created,team_logo,arena,team_league) VALUES (22.65,'吉首大学张家界学院',1,'吉首大学张家界学院','<province>',1048989242332,'',null,null);
insert into team (asset,city,level,name,province,team_created,team_logo,arena,team_league) VALUES (27.84,'长治医学院',1,'长治医学院','<province>',1080525242332,'',null,null);
insert into team (asset,city,level,name,province,team_created,team_logo,arena,team_league) VALUES (26.07,'丽水学院',1,'丽水学院','<province>',134445242332,'',null,null);
insert into team (asset,city,level,name,province,team_created,team_logo,arena,team_league) VALUES (16.21,'清华大学',1,'清华大学','<province>',828237242332,'',null,null);
insert into team (asset,city,level,name,province,team_created,team_logo,arena,team_league) VALUES (11.69,'贵州民族大学人文科技学院',1,'贵州民族大学人文科技学院','<province>',-86306757668,'',null,null);
insert into team (asset,city,level,name,province,team_created,team_logo,arena,team_league) VALUES (10.51,'上海电机学院',1,'上海电机学院','<province>',355197242332,'',null,null);
insert into team (asset,city,level,name,province,team_created,team_logo,arena,team_league) VALUES (28.4,'遵义医学院',1,'遵义医学院','<province>',796701242332,'',null,null);
insert into team (asset,city,level,name,province,team_created,team_logo,arena,team_league) VALUES (28.41,'南方科技大学',1,'南方科技大学','<province>',1395885242332,'',null,null);
insert into team (asset,city,level,name,province,team_created,team_logo,arena,team_league) VALUES (15.37,'河北外国语学院',1,'河北外国语学院','<province>',639021242332,'',null,null);
insert into team (asset,city,level,name,province,team_created,team_logo,arena,team_league) VALUES (29.95,'北京舞蹈学院',1,'北京舞蹈学院','<province>',1395885242332,'',null,null);
insert into team (asset,city,level,name,province,team_created,team_logo,arena,team_league) VALUES (18.34,'广州中医药大学',1,'广州中医药大学','<province>',418269242332,'',null,null);
insert into team (asset,city,level,name,province,team_created,team_logo,arena,team_league) VALUES (24.87,'铜仁学院',1,'铜仁学院','<province>',891309242332,'',null,null);
insert into team (asset,city,level,name,province,team_created,team_logo,arena,team_league) VALUES (19.66,'青岛科技大学',1,'青岛科技大学','<province>',1364349242332,'',null,null);
insert into team (asset,city,level,name,province,team_created,team_logo,arena,team_league) VALUES (23.87,'湖北医药学院药护学院',1,'湖北医药学院药护学院','<province>',-275522757668,'',null,null);
insert into team (asset,city,level,name,province,team_created,team_logo,arena,team_league) VALUES (20.36,'山西财经大学华商学院',1,'山西财经大学华商学院','<province>',607485242332,'',null,null);
insert into team (asset,city,level,name,province,team_created,team_logo,arena,team_league) VALUES (12.71,'河南警察学院',1,'河南警察学院','<province>',418269242332,'',null,null);
insert into team (asset,city,level,name,province,team_created,team_logo,arena,team_league) VALUES (28.78,'北京理工大学',1,'北京理工大学','<province>',1175133242332,'',null,null);
insert into team (asset,city,level,name,province,team_created,team_logo,arena,team_league) VALUES (25.42,'中国计量大学现代科技学院',1,'中国计量大学现代科技学院','<province>',1175133242332,'',null,null);
insert into team (asset,city,level,name,province,team_created,team_logo,arena,team_league) VALUES (11.85,'吉林农业大学',1,'吉林农业大学','<province>',355197242332,'',null,null);
insert into team (asset,city,level,name,province,team_created,team_logo,arena,team_league) VALUES (12.53,'白城师范学院',1,'白城师范学院','<province>',639021242332,'',null,null);
insert into team (asset,city,level,name,province,team_created,team_logo,arena,team_league) VALUES (25.14,'深圳大学',1,'深圳大学','<province>',985917242332,'',null,null);
insert into team (asset,city,level,name,province,team_created,team_logo,arena,team_league) VALUES (26.05,'陕西科技大学镐京学院',1,'陕西科技大学镐京学院','<province>',702093242332,'',null,null);
insert into team (asset,city,level,name,province,team_created,team_logo,arena,team_league) VALUES (24.89,'中国计量大学',1,'中国计量大学','<province>',418269242332,'',null,null);
insert into team (asset,city,level,name,province,team_created,team_logo,arena,team_league) VALUES (11.68,'武汉纺织大学',1,'武汉纺织大学','<province>',1112061242332,'',null,null);
insert into team (asset,city,level,name,province,team_created,team_logo,arena,team_league) VALUES (16.39,'山东财经大学燕山学院',1,'山东财经大学燕山学院','<province>',323661242332,'',null,null);
insert into team (asset,city,level,name,province,team_created,team_logo,arena,team_league) VALUES (25.07,'福建师范大学',1,'福建师范大学','<province>',-243986757668,'',null,null);
insert into team (asset,city,level,name,province,team_created,team_logo,arena,team_league) VALUES (29.14,'牡丹江大学',1,'牡丹江大学','<province>',134445242332,'',null,null);
insert into team (asset,city,level,name,province,team_created,team_logo,arena,team_league) VALUES (21.88,'聊城大学',1,'聊城大学','<province>',1269741242332,'',null,null);
insert into team (asset,city,level,name,province,team_created,team_logo,arena,team_league) VALUES (10.66,'大连海事大学',1,'大连海事大学','<province>',1112061242332,'',null,null);
insert into team (asset,city,level,name,province,team_created,team_logo,arena,team_league) VALUES (16.66,'北京青年政治学院',1,'北京青年政治学院','<province>',544413242332,'',null,null);
insert into team (asset,city,level,name,province,team_created,team_logo,arena,team_league) VALUES (26.64,'桂林旅游学院',1,'桂林旅游学院','<province>',1332813242332,'',null,null);
insert into team (asset,city,level,name,province,team_created,team_logo,arena,team_league) VALUES (22.81,'济南大学泉城学院',1,'济南大学泉城学院','<province>',765165242332,'',null,null);
insert into team (asset,city,level,name,province,team_created,team_logo,arena,team_league) VALUES (12.26,'邯郸学院',1,'邯郸学院','<province>',1395885242332,'',null,null);
insert into team (asset,city,level,name,province,team_created,team_logo,arena,team_league) VALUES (24.55,'山西大学商务学院',1,'山西大学商务学院','<province>',1427421242332,'',null,null);
insert into team (asset,city,level,name,province,team_created,team_logo,arena,team_league) VALUES (17.54,'杭州电子科技大学',1,'杭州电子科技大学','<province>',607485242332,'',null,null);
insert into team (asset,city,level,name,province,team_created,team_logo,arena,team_league) VALUES (10.48,'三亚学院',1,'三亚学院','<province>',607485242332,'',null,null);
insert into team (asset,city,level,name,province,team_created,team_logo,arena,team_league) VALUES (19.6,'蚌埠学院',1,'蚌埠学院','<province>',-275522757668,'',null,null);
insert into team (asset,city,level,name,province,team_created,team_logo,arena,team_league) VALUES (17.85,'浙江大学',1,'浙江大学','<province>',1301277242332,'',null,null);
insert into team (asset,city,level,name,province,team_created,team_logo,arena,team_league) VALUES (17.54,'黔南民族师范学院',1,'黔南民族师范学院','<province>',1395885242332,'',null,null);
insert into team (asset,city,level,name,province,team_created,team_logo,arena,team_league) VALUES (20.4,'武汉音乐学院',1,'武汉音乐学院','<province>',1238205242332,'',null,null);
insert into team (asset,city,level,name,province,team_created,team_logo,arena,team_league) VALUES (22.9,'浙江水利水电学院',1,'浙江水利水电学院','<province>',575949242332,'',null,null);
insert into team (asset,city,level,name,province,team_created,team_logo,arena,team_league) VALUES (14.51,'闽南师范大学',1,'闽南师范大学','<province>',1301277242332,'',null,null);
insert into team (asset,city,level,name,province,team_created,team_logo,arena,team_league) VALUES (17.04,'武汉轻工大学',1,'武汉轻工大学','<province>',8301242332,'',null,null);
insert into team (asset,city,level,name,province,team_created,team_logo,arena,team_league) VALUES (19.49,'河北经贸大学',1,'河北经贸大学','<province>',-117842757668,'',null,null);
insert into team (asset,city,level,name,province,team_created,team_logo,arena,team_league) VALUES (23.74,'桂林理工大学',1,'桂林理工大学','<province>',165981242332,'',null,null);
insert into team (asset,city,level,name,province,team_created,team_logo,arena,team_league) VALUES (24.28,'西南政法大学',1,'西南政法大学','<province>',292125242332,'',null,null);
insert into team (asset,city,level,name,province,team_created,team_logo,arena,team_league) VALUES (17.6,'江汉大学文理学院',1,'江汉大学文理学院','<province>',-117842757668,'',null,null);
insert into team (asset,city,level,name,province,team_created,team_logo,arena,team_league) VALUES (19.33,'温州医科大学',1,'温州医科大学','<province>',449805242332,'',null,null);
insert into team (asset,city,level,name,province,team_created,team_logo,arena,team_league) VALUES (20.35,'太原理工大学现代科技学院',1,'太原理工大学现代科技学院','<province>',985917242332,'',null,null);
insert into team (asset,city,level,name,province,team_created,team_logo,arena,team_league) VALUES (29.2,'黄淮学院',1,'黄淮学院','<province>',1048989242332,'',null,null);
insert into team (asset,city,level,name,province,team_created,team_logo,arena,team_league) VALUES (15.55,'湖南师范大学',1,'湖南师范大学','<province>',1143597242332,'',null,null);
insert into team (asset,city,level,name,province,team_created,team_logo,arena,team_league) VALUES (23.05,'辽宁理工学院',1,'辽宁理工学院','<province>',1238205242332,'',null,null);
insert into team (asset,city,level,name,province,team_created,team_logo,arena,team_league) VALUES (22.33,'南京医科大学',1,'南京医科大学','<province>',165981242332,'',null,null);
insert into team (asset,city,level,name,province,team_created,team_logo,arena,team_league) VALUES (14.01,'湖北民族学院科技学院',1,'湖北民族学院科技学院','<province>',1238205242332,'',null,null);
insert into team (asset,city,level,name,province,team_created,team_logo,arena,team_league) VALUES (24.64,'大连财经学院',1,'大连财经学院','<province>',1238205242332,'',null,null);
insert into team (asset,city,level,name,province,team_created,team_logo,arena,team_league) VALUES (13.52,'吉林华桥外国语学院',1,'吉林华桥外国语学院','<province>',1269741242332,'',null,null);
insert into team (asset,city,level,name,province,team_created,team_logo,arena,team_league) VALUES (22.26,'河北中医学院',1,'河北中医学院','<province>',891309242332,'',null,null);
insert into team (asset,city,level,name,province,team_created,team_logo,arena,team_league) VALUES (29.45,'广西师范学院',1,'广西师范学院','<province>',-180914757668,'',null,null);
insert into team (asset,city,level,name,province,team_created,team_logo,arena,team_league) VALUES (11.61,'河南科技学院新科学院',1,'河南科技学院新科学院','<province>',-86306757668,'',null,null);
insert into team (asset,city,level,name,province,team_created,team_logo,arena,team_league) VALUES (25.44,'长沙理工大学',1,'长沙理工大学','<province>',859773242332,'',null,null);
insert into team (asset,city,level,name,province,team_created,team_logo,arena,team_league) VALUES (23.62,'枣庄学院',1,'枣庄学院','<province>',1206669242332,'',null,null);
insert into team (asset,city,level,name,province,team_created,team_logo,arena,team_league) VALUES (10.36,'湖南文理学院',1,'湖南文理学院','<province>',1112061242332,'',null,null);
insert into team (asset,city,level,name,province,team_created,team_logo,arena,team_league) VALUES (29.48,'广州商学院',1,'广州商学院','<province>',1048989242332,'',null,null);
insert into team (asset,city,level,name,province,team_created,team_logo,arena,team_league) VALUES (19.01,'长春科技学院',1,'长春科技学院','<province>',1112061242332,'',null,null);
insert into team (asset,city,level,name,province,team_created,team_logo,arena,team_league) VALUES (18.45,'天津医科大学',1,'天津医科大学','<province>',1206669242332,'',null,null);
insert into team (asset,city,level,name,province,team_created,team_logo,arena,team_league) VALUES (17.87,'石河子大学',1,'石河子大学','<province>',1048989242332,'',null,null);
insert into team (asset,city,level,name,province,team_created,team_logo,arena,team_league) VALUES (24.4,'皖南医学院',1,'皖南医学院','<province>',-243986757668,'',null,null);
insert into team (asset,city,level,name,province,team_created,team_logo,arena,team_league) VALUES (26.88,'上海交通大学',1,'上海交通大学','<province>',544413242332,'',null,null);
insert into team (asset,city,level,name,province,team_created,team_logo,arena,team_league) VALUES (21.48,'河北农业大学现代科技学院',1,'河北农业大学现代科技学院','<province>',165981242332,'',null,null);
insert into team (asset,city,level,name,province,team_created,team_logo,arena,team_league) VALUES (10.07,'长春师范大学',1,'长春师范大学','<province>',1080525242332,'',null,null);
insert into team (asset,city,level,name,province,team_created,team_logo,arena,team_league) VALUES (25.35,'山东工商学院',1,'山东工商学院','<province>',-149378757668,'',null,null);
insert into team (asset,city,level,name,province,team_created,team_logo,arena,team_league) VALUES (24.39,'中国农业大学',1,'中国农业大学','<province>',1395885242332,'',null,null);
insert into team (asset,city,level,name,province,team_created,team_logo,arena,team_league) VALUES (11.32,'首都医科大学',1,'首都医科大学','<province>',828237242332,'',null,null);
insert into team (asset,city,level,name,province,team_created,team_logo,arena,team_league) VALUES (28.87,'南通大学',1,'南通大学','<province>',733629242333,'',null,null);
insert into team (asset,city,level,name,province,team_created,team_logo,arena,team_league) VALUES (11.86,'山西财经大学',1,'山西财经大学','<province>',323661242333,'',null,null);
insert into team (asset,city,level,name,province,team_created,team_logo,arena,team_league) VALUES (11.37,'成都中医药大学',1,'成都中医药大学','<province>',1206669242333,'',null,null);
insert into team (asset,city,level,name,province,team_created,team_logo,arena,team_league) VALUES (22.88,'宝鸡文理学院',1,'宝鸡文理学院','<province>',670557242333,'',null,null);
insert into team (asset,city,level,name,province,team_created,team_logo,arena,team_league) VALUES (23.59,'湘潭大学',1,'湘潭大学','<province>',1332813242333,'',null,null);
insert into team (asset,city,level,name,province,team_created,team_logo,arena,team_league) VALUES (14.65,'西安文理学院',1,'西安文理学院','<province>',260589242333,'',null,null);
insert into team (asset,city,level,name,province,team_created,team_logo,arena,team_league) VALUES (28.35,'天津师范大学津沽学院',1,'天津师范大学津沽学院','<province>',1395885242333,'',null,null);
insert into team (asset,city,level,name,province,team_created,team_logo,arena,team_league) VALUES (19.45,'四川音乐学院',1,'四川音乐学院','<province>',765165242333,'',null,null);
insert into team (asset,city,level,name,province,team_created,team_logo,arena,team_league) VALUES (13.35,'延安大学西安创新学院',1,'延安大学西安创新学院','<province>',828237242333,'',null,null);
insert into team (asset,city,level,name,province,team_created,team_logo,arena,team_league) VALUES (12.47,'湖北经济学院法商学院',1,'湖北经济学院法商学院','<province>',796701242333,'',null,null);
insert into team (asset,city,level,name,province,team_created,team_logo,arena,team_league) VALUES (11.68,'昆明理工大学',1,'昆明理工大学','<province>',1269741242333,'',null,null);
insert into team (asset,city,level,name,province,team_created,team_logo,arena,team_league) VALUES (10.77,'宁夏大学',1,'宁夏大学','<province>',-212450757667,'',null,null);
insert into team (asset,city,level,name,province,team_created,team_logo,arena,team_league) VALUES (29.27,'安徽建筑大学城市建设学院',1,'安徽建筑大学城市建设学院','<province>',1238205242333,'',null,null);
insert into team (asset,city,level,name,province,team_created,team_logo,arena,team_league) VALUES (24.52,'黄河交通学院',1,'黄河交通学院','<province>',134445242333,'',null,null);
insert into team (asset,city,level,name,province,team_created,team_logo,arena,team_league) VALUES (13.56,'上海音乐学院',1,'上海音乐学院','<province>',1332813242333,'',null,null);
insert into team (asset,city,level,name,province,team_created,team_logo,arena,team_league) VALUES (14.06,'绍兴文理学院',1,'绍兴文理学院','<province>',1395885242333,'',null,null);
insert into team (asset,city,level,name,province,team_created,team_logo,arena,team_league) VALUES (16.29,'南京农业大学',1,'南京农业大学','<province>',1080525242333,'',null,null);
insert into team (asset,city,level,name,province,team_created,team_logo,arena,team_league) VALUES (21.09,'福建商学院',1,'福建商学院','<province>',607485242333,'',null,null);
insert into team (asset,city,level,name,province,team_created,team_logo,arena,team_league) VALUES (11.29,'普洱学院',1,'普洱学院','<province>',-54770757667,'',null,null);
insert into team (asset,city,level,name,province,team_created,team_logo,arena,team_league) VALUES (13.13,'贵州医科大学',1,'贵州医科大学','<province>',1332813242333,'',null,null);
insert into team (asset,city,level,name,province,team_created,team_logo,arena,team_league) VALUES (27.8,'黑龙江中医药大学',1,'黑龙江中医药大学','<province>',1017453242333,'',null,null);
insert into team (asset,city,level,name,province,team_created,team_logo,arena,team_league) VALUES (14.62,'西北大学现代学院',1,'西北大学现代学院','<province>',575949242333,'',null,null);
insert into team (asset,city,level,name,province,team_created,team_logo,arena,team_league) VALUES (16.08,'宁波工程学院',1,'宁波工程学院','<province>',1332813242333,'',null,null);
insert into team (asset,city,level,name,province,team_created,team_logo,arena,team_league) VALUES (25.17,'成都工业学院',1,'成都工业学院','<province>',481341242333,'',null,null);
insert into team (asset,city,level,name,province,team_created,team_logo,arena,team_league) VALUES (24.68,'忻州师范学院',1,'忻州师范学院','<province>',1112061242333,'',null,null);
insert into team (asset,city,level,name,province,team_created,team_logo,arena,team_league) VALUES (15.49,'延安大学',1,'延安大学','<province>',859773242333,'',null,null);
insert into team (asset,city,level,name,province,team_created,team_logo,arena,team_league) VALUES (28.11,'沧州师范学院',1,'沧州师范学院','<province>',-149378757667,'',null,null);
insert into team (asset,city,level,name,province,team_created,team_logo,arena,team_league) VALUES (18.79,'大连医科大学',1,'大连医科大学','<province>',197517242333,'',null,null);
insert into team (asset,city,level,name,province,team_created,team_logo,arena,team_league) VALUES (18.26,'武昌工学院',1,'武昌工学院','<province>',449805242333,'',null,null);
insert into team (asset,city,level,name,province,team_created,team_logo,arena,team_league) VALUES (23.5,'泰州学院',1,'泰州学院','<province>',481341242333,'',null,null);
insert into team (asset,city,level,name,province,team_created,team_logo,arena,team_league) VALUES (21.76,'首都经济贸易大学',1,'首都经济贸易大学','<province>',229053242333,'',null,null);
insert into team (asset,city,level,name,province,team_created,team_logo,arena,team_league) VALUES (17.84,'盐城工学院',1,'盐城工学院','<province>',-86306757667,'',null,null);
insert into team (asset,city,level,name,province,team_created,team_logo,arena,team_league) VALUES (23.85,'辽宁科技大学',1,'辽宁科技大学','<province>',1048989242333,'',null,null);
insert into team (asset,city,level,name,province,team_created,team_logo,arena,team_league) VALUES (12.46,'成都师范学院',1,'成都师范学院','<province>',1364349242333,'',null,null);
insert into team (asset,city,level,name,province,team_created,team_logo,arena,team_league) VALUES (28.11,'齐鲁医药学院',1,'齐鲁医药学院','<province>',-180914757667,'',null,null);
insert into team (asset,city,level,name,province,team_created,team_logo,arena,team_league) VALUES (15.29,'惠州学院',1,'惠州学院','<province>',1238205242333,'',null,null);
insert into team (asset,city,level,name,province,team_created,team_logo,arena,team_league) VALUES (29.23,'大连医科大学中山学院',1,'大连医科大学中山学院','<province>',1238205242333,'',null,null);
insert into team (asset,city,level,name,province,team_created,team_logo,arena,team_league) VALUES (18.81,'浙江工商大学杭州商学院',1,'浙江工商大学杭州商学院','<province>',-117842757667,'',null,null);
insert into team (asset,city,level,name,province,team_created,team_logo,arena,team_league) VALUES (23.39,'星海音乐学院',1,'星海音乐学院','<province>',-23234757667,'',null,null);
insert into team (asset,city,level,name,province,team_created,team_logo,arena,team_league) VALUES (16.6,'北京理工大学珠海学院',1,'北京理工大学珠海学院','<province>',71373242333,'',null,null);
insert into team (asset,city,level,name,province,team_created,team_logo,arena,team_league) VALUES (24.11,'辽宁中医药大学杏林学院',1,'辽宁中医药大学杏林学院','<province>',1206669242333,'',null,null);
insert into team (asset,city,level,name,province,team_created,team_logo,arena,team_league) VALUES (20.1,'河南大学',1,'河南大学','<province>',71373242333,'',null,null);
insert into team (asset,city,level,name,province,team_created,team_logo,arena,team_league) VALUES (17.9,'汉口学院',1,'汉口学院','<province>',1332813242333,'',null,null);
insert into team (asset,city,level,name,province,team_created,team_logo,arena,team_league) VALUES (11.27,'广州医科大学',1,'广州医科大学','<province>',-23234757667,'',null,null);
insert into team (asset,city,level,name,province,team_created,team_logo,arena,team_league) VALUES (13.23,'西安外国语大学',1,'西安外国语大学','<province>',355197242333,'',null,null);
insert into team (asset,city,level,name,province,team_created,team_logo,arena,team_league) VALUES (22.0,'华东政法大学',1,'华东政法大学','<province>',1112061242333,'',null,null);
insert into team (asset,city,level,name,province,team_created,team_logo,arena,team_league) VALUES (27.57,'天津外国语大学滨海外事学院',1,'天津外国语大学滨海外事学院','<province>',1017453242333,'',null,null);
insert into team (asset,city,level,name,province,team_created,team_logo,arena,team_league) VALUES (15.04,'黑龙江财经学院',1,'黑龙江财经学院','<province>',-54770757667,'',null,null);
insert into team (asset,city,level,name,province,team_created,team_logo,arena,team_league) VALUES (16.55,'安徽理工大学',1,'安徽理工大学','<province>',1143597242333,'',null,null);
insert into team (asset,city,level,name,province,team_created,team_logo,arena,team_league) VALUES (19.82,'山东建筑大学',1,'山东建筑大学','<province>',1048989242333,'',null,null);
insert into team (asset,city,level,name,province,team_created,team_logo,arena,team_league) VALUES (22.0,'合肥工业大学',1,'合肥工业大学','<province>',512877242333,'',null,null);
insert into team (asset,city,level,name,province,team_created,team_logo,arena,team_league) VALUES (28.98,'湖州师范学院',1,'湖州师范学院','<province>',292125242333,'',null,null);
insert into team (asset,city,level,name,province,team_created,team_logo,arena,team_league) VALUES (10.87,'中原工学院信息商务学院',1,'中原工学院信息商务学院','<province>',8301242333,'',null,null);
insert into team (asset,city,level,name,province,team_created,team_logo,arena,team_league) VALUES (16.55,'安徽医科大学临床医学院',1,'安徽医科大学临床医学院','<province>',702093242333,'',null,null);
insert into team (asset,city,level,name,province,team_created,team_logo,arena,team_league) VALUES (20.44,'开封大学',1,'开封大学','<province>',-212450757667,'',null,null);
insert into team (asset,city,level,name,province,team_created,team_logo,arena,team_league) VALUES (43.88,'成都市',2,'成都星腾','<province>',39836398516,'',null,null);
insert into team (asset,city,level,name,province,team_created,team_logo,arena,team_league) VALUES (50.28,'绵阳市',2,'绵阳阳捷','<province>',-180915601429,'',null,null);
insert into team (asset,city,level,name,province,team_created,team_logo,arena,team_league) VALUES (96.56,'苏州市',2,'苏州弘致','<province>',386732398572,'',null,null);
insert into team (asset,city,level,name,province,team_created,team_logo,arena,team_league) VALUES (30.87,'徐州市',2,'徐州谷焱','<province>',1206668398572,'',null,null);
insert into team (asset,city,level,name,province,team_created,team_logo,arena,team_league) VALUES (89.94,'无锡市',2,'无锡翰翮','<province>',-212451601428,'',null,null);
insert into team (asset,city,level,name,province,team_created,team_logo,arena,team_league) VALUES (92.76,'南京市',2,'南京花蜂','<province>',323660398573,'',null,null);
insert into team (asset,city,level,name,province,team_created,team_logo,arena,team_league) VALUES (41.13,'常州市',2,'常州和悦','<province>',733628398573,'',null,null);
insert into team (asset,city,level,name,province,team_created,team_logo,arena,team_league) VALUES (53.07,'哈尔滨市',2,'哈尔滨阳煦','<province>',-307059601426,'',null,null);
insert into team (asset,city,level,name,province,team_created,team_logo,arena,team_league) VALUES (40.02,'吉林市',2,'吉林波峻','<province>',796700398574,'',null,null);
insert into team (asset,city,level,name,province,team_created,team_logo,arena,team_league) VALUES (22.83,'长春市',2,'长春葛升','<province>',639020398574,'',null,null);
insert into team (asset,city,level,name,province,team_created,team_logo,arena,team_league) VALUES (59.12,'上海市',2,'上海昂熙','<province>',670556398575,'',null,null);
insert into team (asset,city,level,name,province,team_created,team_logo,arena,team_league) VALUES (11.19,'天津市',2,'天津俊楚','<province>',985916398575,'',null,null);
insert into team (asset,city,level,name,province,team_created,team_logo,arena,team_league) VALUES (47.64,'郑州市',2,'郑州羊喜','<province>',954380398575,'',null,null);
insert into team (asset,city,level,name,province,team_created,team_logo,arena,team_league) VALUES (53.08,'石家庄市',2,'石家庄飞语','<province>',1395884398575,'',null,null);
insert into team (asset,city,level,name,province,team_created,team_logo,arena,team_league) VALUES (94.11,'唐山市',2,'唐山昊乾','<province>',-149379601425,'',null,null);
insert into team (asset,city,level,name,province,team_created,team_logo,arena,team_league) VALUES (89.06,'银川市',2,'银川宏远','<province>',-307059601424,'',null,null);
insert into team (asset,city,level,name,province,team_created,team_logo,arena,team_league) VALUES (37.38,'长沙市',2,'长沙光耀','<province>',-86307601424,'',null,null);
insert into team (asset,city,level,name,province,team_created,team_logo,arena,team_league) VALUES (51.45,'武汉市',2,'武汉空裕','<province>',1269740398576,'',null,null);
insert into team (asset,city,level,name,province,team_created,team_logo,arena,team_league) VALUES (75.17,'宜昌市',2,'宜昌徒栋','<province>',-86307601424,'',null,null);
insert into team (asset,city,level,name,province,team_created,team_logo,arena,team_league) VALUES (32.12,'澳门',2,'澳门嘉荣','<province>',954380398583,'',null,null);
insert into team (asset,city,level,name,province,team_created,team_logo,arena,team_league) VALUES (11.18,'东莞市',2,'东莞浩淼','<province>',922844398584,'',null,null);
insert into team (asset,city,level,name,province,team_created,team_logo,arena,team_league) VALUES (39.4,'广州市',2,'广州燕七','<province>',1301276398585,'',null,null);
insert into team (asset,city,level,name,province,team_created,team_logo,arena,team_league) VALUES (69.58,'中山市',2,'中山弘扬','<province>',670556398585,'',null,null);
insert into team (asset,city,level,name,province,team_created,team_logo,arena,team_league) VALUES (14.91,'深圳市',2,'深圳瀚漠','<province>',733628398585,'',null,null);
insert into team (asset,city,level,name,province,team_created,team_logo,arena,team_league) VALUES (96.4,'珠海市',2,'珠海承允','<province>',481340398585,'',null,null);
insert into team (asset,city,level,name,province,team_created,team_logo,arena,team_league) VALUES (88.5,'芜湖市',2,'芜湖鸿朗','<province>',512876398586,'',null,null);
insert into team (asset,city,level,name,province,team_created,team_logo,arena,team_league) VALUES (11.1,'合肥市',2,'合肥舌原','<province>',449804398586,'',null,null);
insert into team (asset,city,level,name,province,team_created,team_logo,arena,team_league) VALUES (37.43,'南宁市',2,'南宁叔盛','<province>',323660398586,'',null,null);
insert into team (asset,city,level,name,province,team_created,team_logo,arena,team_league) VALUES (50.04,'呼和浩特市',2,'呼和浩特晗日','<province>',1301276398586,'',null,null);
insert into team (asset,city,level,name,province,team_created,team_logo,arena,team_league) VALUES (81.32,'兰州市',2,'兰州安和','<province>',-117843601413,'',null,null);
insert into team (asset,city,level,name,province,team_created,team_logo,arena,team_league) VALUES (65.14,'北京市',2,'北京鸿禧','<province>',-180915601413,'',null,null);
insert into team (asset,city,level,name,province,team_created,team_logo,arena,team_league) VALUES (66.72,'西安市',2,'西安波峻','<province>',-275523601413,'',null,null);
insert into team (asset,city,level,name,province,team_created,team_logo,arena,team_league) VALUES (34.91,'昆明市',2,'昆明叔默','<province>',229052398588,'',null,null);
insert into team (asset,city,level,name,province,team_created,team_logo,arena,team_league) VALUES (30.36,'台北市',2,'台北洛城','<province>',1364348398588,'',null,null);
insert into team (asset,city,level,name,province,team_created,team_logo,arena,team_league) VALUES (67.36,'济南市',2,'济南生桐','<province>',-180915601412,'',null,null);
insert into team (asset,city,level,name,province,team_created,team_logo,arena,team_league) VALUES (62.78,'青岛市',2,'青岛逸春','<province>',449804398588,'',null,null);
insert into team (asset,city,level,name,province,team_created,team_logo,arena,team_league) VALUES (76.0,'太原市',2,'太原翰采','<province>',1301276398588,'',null,null);
insert into team (asset,city,level,name,province,team_created,team_logo,arena,team_league) VALUES (60.73,'大连市',2,'大连永望','<province>',-149379601411,'',null,null);
insert into team (asset,city,level,name,province,team_created,team_logo,arena,team_league) VALUES (80.19,'沈阳市',2,'沈阳兴安','<province>',197516398589,'',null,null);
insert into team (asset,city,level,name,province,team_created,team_logo,arena,team_league) VALUES (15.06,'西宁市',2,'西宁瀚漠','<province>',481340398595,'',null,null);
insert into team (asset,city,level,name,province,team_created,team_logo,arena,team_league) VALUES (70.19,'温州市',2,'温州弘懿','<province>',891308398595,'',null,null);
insert into team (asset,city,level,name,province,team_created,team_logo,arena,team_league) VALUES (75.68,'宁波市',2,'宁波容选','<province>',39836398595,'',null,null);
insert into team (asset,city,level,name,province,team_created,team_logo,arena,team_league) VALUES (82.64,'杭州市',2,'杭州沈义','<province>',39836398595,'',null,null);
insert into team (asset,city,level,name,province,team_created,team_logo,arena,team_league) VALUES (48.34,'乌鲁木齐市',2,'乌鲁木齐冶才','<province>',1269740398595,'',null,null);
insert into team (asset,city,level,name,province,team_created,team_logo,arena,team_league) VALUES (23.79,'香港',2,'香港嘉庆','<province>',-86307601405,'',null,null);
insert into team (asset,city,level,name,province,team_created,team_logo,arena,team_league) VALUES (80.13,'重庆市',2,'重庆马迪','<province>',1427420398595,'',null,null);
insert into team (asset,city,level,name,province,team_created,team_logo,arena,team_league) VALUES (43.41,'贵阳市',2,'贵阳鸿光','<province>',-54771601405,'',null,null);
insert into team (asset,city,level,name,province,team_created,team_logo,arena,team_league) VALUES (61.49,'三亚市',2,'三亚宏盛','<province>',-180915601405,'',null,null);
insert into team (asset,city,level,name,province,team_created,team_logo,arena,team_league) VALUES (29.38,'海口市',2,'海口普松','<province>',1080524398596,'',null,null);
insert into team (asset,city,level,name,province,team_created,team_logo,arena,team_league) VALUES (41.05,'拉萨市',2,'拉萨奇逸','<province>',985916398596,'',null,null);
insert into team (asset,city,level,name,province,team_created,team_logo,arena,team_league) VALUES (18.35,'南昌市',2,'南昌德馨','<province>',1364348398596,'',null,null);
insert into team (asset,city,level,name,province,team_created,team_logo,arena,team_league) VALUES (19.07,'赣州市',2,'赣州雅昶','<province>',-275523601404,'',null,null);
insert into team (asset,city,level,name,province,team_created,team_logo,arena,team_league) VALUES (83.87,'泉州市',2,'泉州毅然','<province>',1395884398596,'',null,null);
insert into team (asset,city,level,name,province,team_created,team_logo,arena,team_league) VALUES (16.85,'厦门市',2,'厦门信厚','<province>',-307059601404,'',null,null);
insert into team (asset,city,level,name,province,team_created,team_logo,arena,team_league) VALUES (39.41,'福州市',2,'福州单弓','<province>',1364348398596,'',null,null);
insert into team (asset,city,level,name,province,team_created,team_logo,arena,team_league) VALUES (57.31,'西宁市',2,'西宁兴业','<province>',512876398596,'',null,null);
insert into team (asset,city,level,name,province,team_created,team_logo,arena,team_league) VALUES (27.31,'合肥市',2,'合肥宫琦','<province>',323660398597,'',null,null);
insert into team (asset,city,level,name,province,team_created,team_logo,arena,team_league) VALUES (51.5,'三亚市',2,'三亚鸿轩','<province>',-54771601403,'',null,null);
insert into team (asset,city,level,name,province,team_created,team_logo,arena,team_league) VALUES (23.95,'厦门市',2,'厦门博明','<province>',134444398597,'',null,null);
insert into team (asset,city,level,name,province,team_created,team_logo,arena,team_league) VALUES (53.07,'深圳市',2,'深圳作人','<province>',-117843601402,'',null,null);
insert into team (asset,city,level,name,province,team_created,team_logo,arena,team_league) VALUES (30.77,'重庆市',2,'重庆建柏','<province>',-275523601402,'',null,null);
insert into team (asset,city,level,name,province,team_created,team_logo,arena,team_league) VALUES (33.89,'呼和浩特市',2,'呼和浩特修诚','<province>',828236398598,'',null,null);
insert into team (asset,city,level,name,province,team_created,team_logo,arena,team_league) VALUES (74.85,'苏州市',2,'苏州永安','<province>',859772398598,'',null,null);
insert into team (asset,city,level,name,province,team_created,team_logo,arena,team_league) VALUES (92.96,'济南市',2,'济南侯京','<province>',1332812398598,'',null,null);
insert into team (asset,city,level,name,province,team_created,team_logo,arena,team_league) VALUES (249.6,'成都市',3,'成都波涛','<province>',355196398608,'',null,null);
insert into team (asset,city,level,name,province,team_created,team_logo,arena,team_league) VALUES (291.27,'苏州市',3,'苏州高昂','<province>',544412398608,'',null,null);
insert into team (asset,city,level,name,province,team_created,team_logo,arena,team_league) VALUES (378.6,'哈尔滨市',3,'哈尔滨小林','<province>',796700398608,'',null,null);
insert into team (asset,city,level,name,province,team_created,team_logo,arena,team_league) VALUES (221.68,'吉林市',3,'吉林夜洛','<province>',1332812398616,'',null,null);
insert into team (asset,city,level,name,province,team_created,team_logo,arena,team_league) VALUES (494.6,'上海市',3,'上海君墨','<province>',1143596398617,'',null,null);
insert into team (asset,city,level,name,province,team_created,team_logo,arena,team_league) VALUES (439.75,'天津市',3,'天津嘉懿','<province>',260588398617,'',null,null);
insert into team (asset,city,level,name,province,team_created,team_logo,arena,team_league) VALUES (243.47,'郑州市',3,'郑州西岭','<province>',670556398617,'',null,null);
insert into team (asset,city,level,name,province,team_created,team_logo,arena,team_league) VALUES (224.0,'石家庄市',3,'石家庄生波','<province>',1206668398618,'',null,null);
insert into team (asset,city,level,name,province,team_created,team_logo,arena,team_league) VALUES (109.06,'银川市',3,'银川博容','<province>',891308398618,'',null,null);
insert into team (asset,city,level,name,province,team_created,team_logo,arena,team_league) VALUES (145.31,'长沙市',3,'长沙绍元','<province>',639020398618,'',null,null);
insert into team (asset,city,level,name,province,team_created,team_logo,arena,team_league) VALUES (405.45,'武汉市',3,'武汉翰音','<province>',859772398618,'',null,null);
insert into team (asset,city,level,name,province,team_created,team_logo,arena,team_league) VALUES (109.05,'澳门',3,'澳门鸿飞','<province>',449804398618,'',null,null);
insert into team (asset,city,level,name,province,team_created,team_logo,arena,team_league) VALUES (112.68,'中山市',3,'中山信瑞','<province>',1332812398618,'',null,null);
insert into team (asset,city,level,name,province,team_created,team_logo,arena,team_league) VALUES (157.96,'芜湖市',3,'芜湖君浩','<province>',922844398619,'',null,null);
insert into team (asset,city,level,name,province,team_created,team_logo,arena,team_league) VALUES (386.7,'南宁市',3,'南宁浩阔','<province>',229052398619,'',null,null);
insert into team (asset,city,level,name,province,team_created,team_logo,arena,team_league) VALUES (475.78,'呼和浩特市',3,'呼和浩特奇逸','<province>',1395884398619,'',null,null);
insert into team (asset,city,level,name,province,team_created,team_logo,arena,team_league) VALUES (252.99,'兰州市',3,'兰州侯航','<province>',-149379601381,'',null,null);
insert into team (asset,city,level,name,province,team_created,team_logo,arena,team_league) VALUES (208.99,'北京市',3,'北京和惬','<province>',1427420398619,'',null,null);
insert into team (asset,city,level,name,province,team_created,team_logo,arena,team_league) VALUES (115.02,'西安市',3,'西安君植','<province>',165980398619,'',null,null);
insert into team (asset,city,level,name,province,team_created,team_logo,arena,team_league) VALUES (402.4,'昆明市',3,'昆明建义','<province>',828236398620,'',null,null);
insert into team (asset,city,level,name,province,team_created,team_logo,arena,team_league) VALUES (142.37,'台北市',3,'台北光霁','<province>',702092398620,'',null,null);
insert into team (asset,city,level,name,province,team_created,team_logo,arena,team_league) VALUES (329.52,'济南市',3,'济南英资','<province>',1427420398621,'',null,null);
insert into team (asset,city,level,name,province,team_created,team_logo,arena,team_league) VALUES (490.52,'太原市',3,'太原人昊','<province>',-212451601379,'',null,null);
insert into team (asset,city,level,name,province,team_created,team_logo,arena,team_league) VALUES (269.71,'大连市',3,'大连兴文','<province>',165980398621,'',null,null);
insert into team (asset,city,level,name,province,team_created,team_logo,arena,team_league) VALUES (294.04,'西宁市',3,'西宁翰墨','<province>',639020398621,'',null,null);
insert into team (asset,city,level,name,province,team_created,team_logo,arena,team_league) VALUES (321.49,'宁波市',3,'宁波成双','<province>',292124398621,'',null,null);
insert into team (asset,city,level,name,province,team_created,team_logo,arena,team_league) VALUES (374.14,'乌鲁木齐市',3,'乌鲁木齐正志','<province>',418268398621,'',null,null);
insert into team (asset,city,level,name,province,team_created,team_logo,arena,team_league) VALUES (175.52,'香港',3,'香港星洲','<province>',828236398621,'',null,null);
insert into team (asset,city,level,name,province,team_created,team_logo,arena,team_league) VALUES (157.28,'重庆市',3,'重庆辰龙','<province>',229052398621,'',null,null);
insert into team (asset,city,level,name,province,team_created,team_logo,arena,team_league) VALUES (152.86,'贵阳市',3,'贵阳高阳','<province>',71372398621,'',null,null);
insert into team (asset,city,level,name,province,team_created,team_logo,arena,team_league) VALUES (178.66,'三亚市',3,'三亚阳波','<province>',1332812398622,'',null,null);
insert into team (asset,city,level,name,province,team_created,team_logo,arena,team_league) VALUES (137.35,'拉萨市',3,'拉萨朝斑','<province>',1238204398626,'',null,null);
insert into team (asset,city,level,name,province,team_created,team_logo,arena,team_league) VALUES (154.14,'南昌市',3,'南昌高刚','<province>',1364348398626,'',null,null);
insert into team (asset,city,level,name,province,team_created,team_logo,arena,team_league) VALUES (318.2,'泉州市',3,'泉州德润','<province>',954380398626,'',null,null);
insert into team (asset,city,level,name,province,team_created,team_logo,arena,team_league) VALUES (829.89,'成都市',4,'成都修永','<province>',1175132398631,'',null,null);
insert into team (asset,city,level,name,province,team_created,team_logo,arena,team_league) VALUES (765.85,'南京市',4,'南京星华','<province>',1017452398632,'',null,null);
insert into team (asset,city,level,name,province,team_created,team_logo,arena,team_league) VALUES (622.12,'哈尔滨市',4,'哈尔滨嘉致','<province>',1364348398632,'',null,null);
insert into team (asset,city,level,name,province,team_created,team_logo,arena,team_league) VALUES (1000.19,'吉林市',4,'吉林德宇','<province>',954380398632,'',null,null);
insert into team (asset,city,level,name,province,team_created,team_logo,arena,team_league) VALUES (678.91,'上海市',4,'上海英耀','<province>',733628398632,'',null,null);
insert into team (asset,city,level,name,province,team_created,team_logo,arena,team_league) VALUES (766.0,'天津市',4,'天津阳嘉','<province>',481340398632,'',null,null);
insert into team (asset,city,level,name,province,team_created,team_logo,arena,team_league) VALUES (954.07,'郑州市',4,'郑州姚石','<province>',1238204398632,'',null,null);
insert into team (asset,city,level,name,province,team_created,team_logo,arena,team_league) VALUES (789.07,'石家庄市',4,'石家庄鹭洋','<province>',418268398632,'',null,null);
insert into team (asset,city,level,name,province,team_created,team_logo,arena,team_league) VALUES (1052.11,'银川市',4,'银川弘光','<province>',481340398632,'',null,null);
insert into team (asset,city,level,name,province,team_created,team_logo,arena,team_league) VALUES (1135.59,'长沙市',4,'长沙宏深','<province>',1112060398632,'',null,null);
insert into team (asset,city,level,name,province,team_created,team_logo,arena,team_league) VALUES (946.13,'武汉市',4,'武汉星晖','<province>',134444398632,'',null,null);
insert into team (asset,city,level,name,province,team_created,team_logo,arena,team_league) VALUES (1074.16,'澳门',4,'澳门成文','<province>',828236398633,'',null,null);
insert into team (asset,city,level,name,province,team_created,team_logo,arena,team_league) VALUES (750.56,'广州市',4,'广州浩波','<province>',260588398633,'',null,null);
insert into team (asset,city,level,name,province,team_created,team_logo,arena,team_league) VALUES (812.81,'芜湖市',4,'芜湖嘉木','<province>',449804398633,'',null,null);
insert into team (asset,city,level,name,province,team_created,team_logo,arena,team_league) VALUES (1098.47,'南宁市',4,'南宁国源','<province>',1395884398633,'',null,null);
insert into team (asset,city,level,name,province,team_created,team_logo,arena,team_league) VALUES (770.48,'呼和浩特市',4,'呼和浩特浩言','<province>',8300398633,'',null,null);
insert into team (asset,city,level,name,province,team_created,team_logo,arena,team_league) VALUES (832.98,'兰州市',4,'兰州飞尘','<province>',449804398633,'',null,null);
insert into team (asset,city,level,name,province,team_created,team_logo,arena,team_league) VALUES (906.56,'北京市',4,'北京嘉颖','<province>',165980398633,'',null,null);
insert into team (asset,city,level,name,province,team_created,team_logo,arena,team_league) VALUES (1033.37,'西安市',4,'西安龙野','<province>',1427420398633,'',null,null);
insert into team (asset,city,level,name,province,team_created,team_logo,arena,team_league) VALUES (1148.6,'昆明市',4,'昆明良哲','<province>',1395884398633,'',null,null);
insert into team (asset,city,level,name,province,team_created,team_logo,arena,team_league) VALUES (826.12,'台北市',4,'台北弘新','<province>',922844398633,'',null,null);
insert into team (asset,city,level,name,province,team_created,team_logo,arena,team_league) VALUES (1136.22,'济南市',4,'济南永年','<province>',954380398633,'',null,null);
insert into team (asset,city,level,name,province,team_created,team_logo,arena,team_league) VALUES (1135.79,'太原市',4,'太原景曜','<province>',-243987601366,'',null,null);
insert into team (asset,city,level,name,province,team_created,team_logo,arena,team_league) VALUES (819.27,'大连市',4,'大连嘉歆','<province>',229052398634,'',null,null);
insert into team (asset,city,level,name,province,team_created,team_logo,arena,team_league) VALUES (713.29,'西宁市',4,'西宁弘化','<province>',1017452398634,'',null,null);
insert into team (asset,city,level,name,province,team_created,team_logo,arena,team_league) VALUES (628.15,'温州市',4,'温州高逸','<province>',765164398634,'',null,null);
insert into team (asset,city,level,name,province,team_created,team_logo,arena,team_league) VALUES (929.11,'乌鲁木齐市',4,'乌鲁木齐单鹗','<province>',1395884398634,'',null,null);
insert into team (asset,city,level,name,province,team_created,team_logo,arena,team_league) VALUES (1086.73,'香港',4,'香港成天','<province>',1112060398634,'',null,null);
insert into team (asset,city,level,name,province,team_created,team_logo,arena,team_league) VALUES (614.0,'重庆市',4,'重庆昊天','<province>',-243987601366,'',null,null);
insert into team (asset,city,level,name,province,team_created,team_logo,arena,team_league) VALUES (874.48,'贵阳市',4,'贵阳生耀','<province>',323660398634,'',null,null);
insert into team (asset,city,level,name,province,team_created,team_logo,arena,team_league) VALUES (1012.25,'三亚市',4,'三亚卓君','<province>',355196398634,'',null,null);
insert into team (asset,city,level,name,province,team_created,team_logo,arena,team_league) VALUES (980.87,'拉萨市',4,'拉萨和泰','<province>',-212451601366,'',null,null);
insert into team (asset,city,level,name,province,team_created,team_logo,arena,team_league) VALUES (814.72,'南昌市',4,'南昌翰墨','<province>',260588398634,'',null,null);
insert into team (asset,city,level,name,province,team_created,team_logo,arena,team_league) VALUES (1155.46,'厦门市',4,'厦门嘉澍','<province>',1269740398635,'',null,null);

##球员位置初始化
INSERT INTO position (main_position, name)VALUES ('main_position', 'PG');
INSERT INTO position (main_position, name)VALUES ('main_position', 'SG');
INSERT INTO position (main_position, name)VALUES ('main_position', 'SF');
INSERT INTO position (main_position, name)VALUES ('main_position', 'PF');
INSERT INTO position (main_position, name)VALUES ('main_position', 'C');


##Event事件类别
INSERT INTO event_type (description,name  )  VALUES ('训练过程中可能出现的类别','训练事件');
INSERT INTO event_type (description,name  )  VALUES ('比赛过程中可能出现的类别','比赛事件');
INSERT INTO event_type (description,name  )  VALUES ('场外可能出现的类别','场外事件');


##事件
INSERT INTO event (event_description, name, event_type)VALUES ('训练受轻伤', '训练受轻伤', 1);
INSERT INTO event (event_description, name, event_type)VALUES ('训练中度受伤', '训练中度受伤', 1);
INSERT INTO event (event_description, name, event_type)VALUES ('训练重度受伤', '训练重度受伤', 1);
INSERT INTO event (event_description, name, event_type)VALUES ('训练疲劳', '训练疲劳', 1);
INSERT INTO event (event_description, name, event_type)VALUES ('训练积极', '训练疲劳', 1);
INSERT INTO event (event_description, name, event_type)VALUES ('训练懒散', '训练疲劳', 1);
INSERT INTO event (event_description, name, event_type)VALUES ('训练提升', '训练提升', 1);
INSERT INTO event (event_description, name, event_type)VALUES ('训练状态良好', '训练状态良好', 1);
INSERT INTO event (event_description, name, event_type)VALUES ('训练状态爆棚', '训练状态爆棚', 1);
INSERT INTO event (event_description, name, event_type)VALUES ('比赛受轻伤', '比赛受轻伤', 2);
INSERT INTO event (event_description, name, event_type)VALUES ('比赛中度受伤', '比赛中度受伤', 2);
INSERT INTO event (event_description, name, event_type)VALUES ('比赛重度受伤', '比赛重度受伤', 2);
INSERT INTO event (event_description, name, event_type)VALUES ('比赛疲劳', '比赛疲劳', 2);
INSERT INTO event (event_description, name, event_type)VALUES ('比赛提升', '比赛提升', 2);
INSERT INTO event (event_description, name, event_type)VALUES ('比赛状态良好', '比赛状态良好', 2);
INSERT INTO event (event_description, name, event_type)VALUES ('比赛状态爆棚', '比赛状态爆棚', 2);
INSERT INTO event (event_description, name, event_type)VALUES ('比赛积极', '比赛疲劳', 2);
INSERT INTO event (event_description, name, event_type)VALUES ('比赛懒散', '比赛疲劳', 2);
INSERT INTO event (event_description, name, event_type)VALUES ('场外加练', '场外加练', 3);
INSERT INTO event (event_description, name, event_type)VALUES ('场外夜店', '场外夜店', 3);
INSERT INTO event (event_description, name, event_type)VALUES ('场外狂吃', '场外狂吃', 3);


##Status

